@id,addr:city,addr:housenumber,addr:postcode,addr:street,amenity,building,email,name,phone,type,website,id,building:levels,hazard,old_name,wheelchair,wikidata,wikipedia,alt_name,architect,heritage,heritage:operator,mhs:inscription_date,ref:mhs,source:architect,source:heritage,start_date,opening_hours,operator,check_date,building:facade:colour,building:part,height,roof:colour,internet_access,internet_access:fee,source,contact:city,contact:housenumber,contact:postcode,contact:street,disused:alt_name,disused:amenity,disused:contact:phone,disused:contact:website,disused:name,disused:wikidata,disused:wikipedia,historic,tourism,name:ru,roof:material,roof:shape,alt_name:en,building:architecture,building:levelPlan,building:material,contact:website,importance,loc_name,max_level,min_level,name:en,name:es,name:fr,name:it,name:ja,name:ko,name:no,name:pl,name:uk,name:zh,official_name,short_name,short_name:fr,tourism:visitors,contact:phone,contact:email,contact:fax,internet_access:operator,source:internet_access,construction,name:etymology:wikidata,shop,building:facade:material,roof:height,source:amenity,access:blind,access:deaf,access:wheelchair,image,addr:housename,fax,toilets:access,toilets:disposal,toilets:handwashing,toilets:paper_supplied,toilets:position,toilets:wheelchair,addr:full,toilets,disused:railway,payment:cash,payment:credit_cards,payment:debit_cards,roof:levels,wheelchair:description,building:colour,area,addr:country,fee,ref:structurae,landuse,cuisine,musical_instrument:piano,note,changing_table,bicycle:repair,contact:facebook,description,ref:FR:SIRET,repair,service:bicycle:diy,service:bicycle:pump,url,religion,access,facebook,club,dance:teaching,country,survey:date,brand,network,recycling,service:repair,transiscope,artist_name,ref:FR:CNC,check_date:opening_hours,second_hand,level,brand:wikidata,operator:wikidata,mobile,contact:instagram,contact:telegram,WKT
"relation/537232","Paris","3","75001","Rue des Deux Boules","arts_centre","yes","info@maisonvda.com","Maison du Val d'Aoste","+33 1 44 50 13 50","multipolygon","http://www.maisonvda.com","relation/537232",,,,,,,,,,,,,,,,,,,,,,,,,,,,,,,,,,,,,,,,,,,,,,,,,,,,,,,,,,,,,,,,,,,,,,,,,,,,,,,,,,,,,,,,,,,,,,,,,,,,,,,,,,,,,,,,,,,,,,,,,,,,,,,,,,,,,,,,"POLYGON ((2.345866 48.8587221, 2.3458982 48.8587685, 2.3458913 48.8587707, 2.3459212 48.8588044, 2.345989 48.8588846, 2.3457761 48.8589461, 2.345651 48.8589969, 2.3455935 48.8589099, 2.3455243 48.8588143, 2.3455676 48.8588011, 2.3456762 48.8587679, 2.3458028 48.8587293, 2.3458588 48.8587122, 2.345866 48.8587221), (2.3458037 48.8587974, 2.345793 48.8588144, 2.3456709 48.858855, 2.3457144 48.8589129, 2.3458569 48.8588715, 2.3458037 48.8587974))"
"relation/550514","Paris","3 bis","75012","Rue Papin","arts_centre","yes",,"La Gaîté lyrique",,"multipolygon","https://www.gaite-lyrique.net/","relation/550514","6","robot","Théâtre de la Gaîté;Planète magique","yes","Q844648","fr:Gaîté-Lyrique",,,,,,,,,,,,,,,,,,,,,,,,,,,,,,,,,,,,,,,,,,,,,,,,,,,,,,,,,,,,,,,,,,,,,,,,,,,,,,,,,,,,,,,,,,,,,,,,,,,,,,,,,,,,,,,,,,,,,,,,,,,,,,,,,,"POLYGON ((2.3535001 48.8668608, 2.3534651 48.8667823, 2.3534207 48.8667903, 2.353414 48.8667775, 2.3533428 48.8667944, 2.3533325 48.8667771, 2.3532796 48.8667882, 2.3532464 48.8667262, 2.3532147 48.8666664, 2.3532075 48.8666537, 2.3531797 48.8666023, 2.3531374 48.8665259, 2.3531721 48.8665183, 2.353092 48.8663558, 2.3531721 48.8663359, 2.3532031 48.8663282, 2.3533313 48.8662961, 2.3533534 48.8662907, 2.3534409 48.8662698, 2.3534626 48.8663123, 2.3535057 48.8663023, 2.3535347 48.8663592, 2.3535924 48.8664741, 2.3536031 48.8664731, 2.353641 48.86655, 2.3535943 48.866559, 2.3536402 48.8666377, 2.3536804 48.866625, 2.3536816 48.8666274, 2.3537063 48.8666196, 2.3537221 48.8666529, 2.3537109 48.8666559, 2.3537258 48.8666896, 2.3536791 48.8666987, 2.3537393 48.8668085, 2.3537343 48.8668101, 2.3537331 48.8668083, 2.3535919 48.8668392, 2.3535049 48.8668582, 2.353504 48.8668602, 2.3535001 48.8668608), (2.3536731 48.8666664, 2.3536195 48.8666774, 2.3536331 48.8667061, 2.3536733 48.866698, 2.3536731 48.8666664))"
"relation/983783",,,,,"arts_centre","yes",,"Conservatoire Hector Berlioz",,"multipolygon",,"relation/983783",,,,,"Q1643074","fr:Hôtel Gouthière","Hôtel Gouthière","Joseph Métivier","3","mhs","1927-10-26","PA00086497","data.gouv.fr:Ministère de la culture et de la communication - 05/2016","data.gouv.fr:Ministère de la culture et de la communication - 05/2016","1780",,,,,,,,,,,,,,,,,,,,,,,,,,,,,,,,,,,,,,,,,,,,,,,,,,,,,,,,,,,,,,,,,,,,,,,,,,,,,,,,,,,,,,,,,,,,,,,,,,,,,,,,,,,,,,,,,,,,,,,,,"POLYGON ((2.3582723 48.871723, 2.3583591 48.8716825, 2.3584067 48.8717248, 2.3584501 48.8717038, 2.3584464 48.8717006, 2.3586555 48.8715979, 2.3586511 48.8715938, 2.3586974 48.8715712, 2.3586705 48.8715466, 2.3586537 48.8715548, 2.3585977 48.8715032, 2.3586141 48.8714946, 2.3585886 48.8714714, 2.3585409 48.8714941, 2.3585351 48.871489, 2.358326 48.8715928, 2.3583228 48.8715902, 2.35828 48.871611, 2.3583268 48.8716533, 2.358239 48.8716957, 2.358157 48.8716295, 2.3581899 48.8716131, 2.358178 48.8716009, 2.358343 48.8715133, 2.3582961 48.871474, 2.3584742 48.8713768, 2.3585024 48.8713615, 2.3586975 48.871256, 2.3587167 48.8712454, 2.3585518 48.8711102, 2.3586055 48.8710813, 2.3586559 48.8710541, 2.3589226 48.8712722, 2.3591414 48.8714551, 2.3590971 48.871475, 2.3589039 48.8715617, 2.3583717 48.8718036, 2.3582723 48.871723), (2.3588226 48.8715546, 2.3588662 48.8715319, 2.3588541 48.8715207, 2.358972 48.8714603, 2.3588274 48.8713384, 2.3587101 48.8713984, 2.3586945 48.8713863, 2.3586545 48.8714062, 2.3588226 48.8715546))"
"relation/1103386",,,,,"arts_centre","yes",,"Les Plateaux Sauvages",,"multipolygon","https://lesplateauxsauvages.fr/","relation/1103386",,,,,,,,,,,,,,,,"Mo-Fr 14:00-18:00","Mairie de Paris",,,,,,,,,,,,,,,,,,,,,,,,,,,,,,,,,,,,,,,,,,,,,,,,,,,,,,,,,,,,,,,,,,,,,,,,,,,,,,,,,,,,,,,,,,,,,,,,,,,,,,,,,,,,,,,,,,,,,,,"POLYGON ((2.3888056 48.8679605, 2.3888357 48.8679432, 2.3889175 48.8678953, 2.3888792 48.8678666, 2.3888813 48.8678643, 2.3888876 48.8678686, 2.3890395 48.8677815, 2.3890341 48.8677764, 2.3890362 48.8677751, 2.3891327 48.8678508, 2.3891368 48.8678572, 2.3891375 48.8678616, 2.3891351 48.867871, 2.3891256 48.8678794, 2.3891166 48.867883, 2.3891346 48.8678931, 2.3891519 48.8679029, 2.3892018 48.8678581, 2.3892044 48.8678594, 2.3891989 48.8678649, 2.3892947 48.8679079, 2.3892986 48.8679039, 2.3893025 48.8679058, 2.389292 48.8679159, 2.3893177 48.867928, 2.3893245 48.8679229, 2.3893642 48.8679433, 2.3893589 48.8679481, 2.3893628 48.8679496, 2.3893837 48.867955, 2.3894082 48.8679573, 2.3894102 48.867945, 2.389465 48.8679485, 2.3894635 48.8679595, 2.3895342 48.8679635, 2.3895364 48.8679537, 2.3895398 48.8679531, 2.3895284 48.8680327, 2.3895143 48.8680578, 2.3895314 48.8680675, 2.3895052 48.8681147, 2.3894808 48.8681086, 2.3894021 48.8682464, 2.3890518 48.8682337, 2.3890614 48.8682155, 2.3889794 48.8681749, 2.3889741 48.8681779, 2.388942 48.8681607, 2.3889451 48.8681578, 2.3889241 48.868147, 2.3889073 48.8681529, 2.3888984 48.868153, 2.3888846 48.8681498, 2.3888748 48.8681427, 2.3888411 48.8681005, 2.3888341 48.8680952, 2.3888256 48.8680917, 2.3888159 48.8680902, 2.388801 48.868092, 2.3887294 48.8681154, 2.3886668 48.868069, 2.3887116 48.868055, 2.3887618 48.8680385, 2.3888194 48.86802, 2.3887828 48.8680068, 2.3887401 48.8679915, 2.3887724 48.8679724, 2.38878 48.8679754, 2.3888056 48.8679605), (2.3891007 48.8681422, 2.3891082 48.8681452, 2.3891251 48.8681492, 2.3891361 48.8681501, 2.3891602 48.8681476, 2.3891764 48.8681424, 2.3892182 48.8681227, 2.3892233 48.8680673, 2.3892169 48.8680569, 2.3892012 48.8680398, 2.3891908 48.8680321, 2.3890773 48.8679853, 2.3890538 48.8679849, 2.3890428 48.8679883, 2.3890349 48.8679925, 2.3890272 48.8680005, 2.3890242 48.8680124, 2.3890244 48.8680847, 2.3890281 48.8680952, 2.3890359 48.8681047, 2.3890413 48.8681086, 2.3891007 48.8681422))"
"relation/2864839","Paris","94","75011","Rue Jean-Pierre Timbaud","arts_centre","yes",,"Maison des Métallos",,"multipolygon","https://www.maisondesmetallos.paris","relation/2864839",,,,,"Q3279874","fr:Maison des Métallos",,"Nanteuille","3","mhs","2000-02-18","PA75110002","data.gouv.fr:Ministère de la culture et de la communication - 2016-05-24","data.gouv.fr:Ministère de la Culture - 04/2015",,"Tu-Fr 13:00-19:00",,"2024-04-07",,,,,,,,,,,,,,,,,,,,,,,,,,,,,,,,,,,,,,,,,,,,,,,,,,,,,,,,,,,,,,,,,,,,,,,,,,,,,,,,,,,,,,,,,,,,,,,,,,,,,,,,,,,,,,,,,,,,,,"POLYGON ((2.3777535 48.8676865, 2.3777329 48.8677089, 2.3776149 48.8676788, 2.3777256 48.8675557, 2.3777803 48.8674941, 2.3778113 48.8675071, 2.3778245 48.867492, 2.3777934 48.8674796, 2.3778506 48.8674162, 2.3779417 48.8673144, 2.3779728 48.8673263, 2.3779852 48.8673119, 2.3779543 48.8673, 2.3782607 48.8669583, 2.3783704 48.8670038, 2.3783954 48.8670144, 2.3784704 48.8670455, 2.3783384 48.8671812, 2.3782894 48.8672317, 2.3781727 48.8673523, 2.3781365 48.8673896, 2.3782005 48.8674171, 2.3782157 48.8674236, 2.378063 48.8675875, 2.3780368 48.8675773, 2.3780223 48.8675926, 2.3780485 48.8676032, 2.3779095 48.8677554, 2.3778552 48.8677413, 2.3777899 48.8677243, 2.3778054 48.8677083, 2.37778 48.8676975, 2.3777535 48.8676865), (2.3778299 48.8676037, 2.3778534 48.8676133, 2.3778811 48.8676246, 2.3779776 48.8675227, 2.3780764 48.8675084, 2.3781256 48.8674548, 2.378031 48.8674159, 2.3779362 48.867377, 2.3778856 48.8674297, 2.3779178 48.8674992, 2.3778559 48.8675668, 2.3778609 48.8675696, 2.3778299 48.8676037))"
"relation/3071867","Paris","116","75016","Avenue du Président Kennedy","arts_centre","yes",,"Auditorium de la Maison de la Radio",,"multipolygon",,"relation/3071867",,,,,,,,,,,,,,,,,,,"white","yes","15","white",,,,,,,,,,,,,,,,,,,,,,,,,,,,,,,,,,,,,,,,,,,,,,,,,,,,,,,,,,,,,,,,,,,,,,,,,,,,,,,,,,,,,,,,,,,,,,,,,,,,,,,,,,,,,,,,,,"POLYGON ((2.2790825 48.852128, 2.2791025 48.8521478, 2.2791447 48.8521913, 2.2791775 48.8522387, 2.279212 48.8522927, 2.2792427 48.8523521, 2.2792591 48.852398, 2.2792748 48.8524574, 2.2792782 48.8525178, 2.2792754 48.8525752, 2.2787125 48.8525599, 2.2787125 48.852525, 2.2787082 48.8524996, 2.2787008 48.8524744, 2.2786908 48.8524496, 2.2786777 48.8524257, 2.2786609 48.8524024, 2.2786421 48.8523803, 2.2789964 48.8521743, 2.2790825 48.852128))"
"relation/3074644",,,,,"arts_centre","yes",,"Palais des Congrès",,"multipolygon",,"relation/3074644",,,,,"Q1781591",,,,,,,,,,,,"Unibail - Rodamco",,,,,,"wlan","no","cadastre-dgi-fr source : Direction Générale des Impôts - Cadastre. Mise à jour : 2010",,,,,,,,,,,,,,,,,,,,,,,,,,,,,,,,,,,,,,,,,,,,,,,,,,,,,,,,,,,,,,,,,,,,,,,,,,,,,,,,,,,,,,,,,,,,,,,,,,,,,,,,,,,,,,,"MULTIPOLYGON (((2.2827074 48.8793614, 2.2827658 48.8794425, 2.2827754 48.8794567, 2.2827777 48.8794813, 2.2827547 48.8795019, 2.2827224 48.879508, 2.282688 48.8794996, 2.2826665 48.8794813, 2.2825981 48.8794301, 2.2825629 48.8794521, 2.2824938 48.8794015, 2.2823948 48.8793123, 2.2819623 48.8790053, 2.2824958 48.8788132, 2.2825353 48.8788589, 2.2827368 48.8787855, 2.2828535 48.878743, 2.282924 48.8787174, 2.2831033 48.8786521, 2.2832285 48.8786043, 2.2832742 48.8785868, 2.2834003 48.878544, 2.283513 48.8785032, 2.2836298 48.8784604, 2.2836168 48.878431, 2.2840519 48.878272, 2.2840728 48.8783208, 2.2842297 48.8786872, 2.2842625 48.878772, 2.2842913 48.8788401, 2.2842502 48.8788482, 2.2842885 48.8789366, 2.2842813 48.8789578, 2.2842681 48.878968, 2.2842518 48.878974, 2.2842267 48.8789758, 2.2842124 48.8789734, 2.2841989 48.8789682, 2.2841722 48.8789451, 2.2841386 48.8789018, 2.2840794 48.878924, 2.2840549 48.8788918, 2.2840567 48.8788912, 2.2840535 48.8788876, 2.2840478 48.8788894, 2.2840081 48.8788479, 2.2840129 48.8788453, 2.2840098 48.8788418, 2.2840038 48.8788437, 2.2839626 48.8788032, 2.2841043 48.8787392, 2.2841002 48.8787351, 2.2840931 48.8787381, 2.2840462 48.8786952, 2.2840505 48.8786921, 2.2840472 48.8786889, 2.2840414 48.8786909, 2.2839929 48.8786492, 2.2839975 48.878646, 2.2839935 48.8786429, 2.2839881 48.8786451, 2.2839374 48.8786047, 2.2839416 48.8786017, 2.2839376 48.8785986, 2.2839325 48.878601, 2.2838653 48.8785521, 2.2838711 48.8785482, 2.2838656 48.8785446, 2.2838428 48.8785616, 2.2838087 48.8785859, 2.2837972 48.8785795, 2.2837926 48.8785831, 2.2838042 48.8785893, 2.2837796 48.8786061, 2.2837473 48.8786271, 2.2837367 48.8786205, 2.2837323 48.8786234, 2.2837428 48.8786302, 2.283723 48.8786428, 2.2836694 48.8786751, 2.2836594 48.8786683, 2.283655 48.8786712, 2.2836639 48.8786782, 2.2836378 48.8786934, 2.2836268 48.878686, 2.2835396 48.8787336, 2.2835485 48.8787415, 2.2835204 48.8787558, 2.2835106 48.8787485, 2.2835062 48.8787511, 2.2835158 48.8787586, 2.2834345 48.8787965, 2.2834252 48.8787895, 2.2834198 48.8787919, 2.2834278 48.8787999, 2.2833985 48.8788127, 2.2833895 48.8788039, 2.2832923 48.8788434, 2.2833001 48.878852, 2.2832699 48.8788636, 2.2832621 48.8788548, 2.2831618 48.8788898, 2.2831684 48.878899, 2.2831369 48.8789093, 2.2831295 48.8789006, 2.2830261 48.8789313, 2.283032 48.8789412, 2.2829999 48.8789499, 2.2829941 48.8789409, 2.2829882 48.8789426, 2.2829935 48.8789514, 2.2828998 48.8789747, 2.2828943 48.8789661, 2.2828888 48.8789677, 2.2828936 48.8789765, 2.2828584 48.8789842, 2.2828535 48.8789741, 2.2827794 48.8789893, 2.2827455 48.8789957, 2.2827497 48.879006, 2.2827154 48.8790126, 2.2827106 48.8790034, 2.2827053 48.8790041, 2.2827083 48.8790142, 2.2826107 48.8790283, 2.2826076 48.8790192, 2.2826019 48.8790195, 2.2826043 48.8790299, 2.2825275 48.8790391, 2.2825247 48.8790296, 2.2825191 48.8790304, 2.2825223 48.8790404, 2.2824503 48.8790471, 2.2824365 48.8790479, 2.2824371 48.8790526, 2.282445 48.8790521, 2.2824677 48.8791178, 2.2824615 48.8791191, 2.2824631 48.879123, 2.2824691 48.8791225, 2.2824915 48.8791727, 2.2824858 48.8791746, 2.2824876 48.8791784, 2.2824942 48.8791778, 2.2825193 48.8792274, 2.2825135 48.8792294, 2.2825154 48.8792332, 2.2825218 48.8792322, 2.2825496 48.8792822, 2.2825422 48.8792841, 2.2825442 48.8792878, 2.282705 48.8792466, 2.2827334 48.879292, 2.2827273 48.8792939, 2.2827299 48.8792978, 2.2827362 48.8792965, 2.2827659 48.8793423, 2.2827606 48.8793444, 2.2827074 48.8793614)), ((2.2844637 48.8799668, 2.2844214 48.8799611, 2.284388 48.8799583, 2.2843207 48.8799579, 2.2842541 48.8799635, 2.2842211 48.8799685, 2.284189 48.879975, 2.2841576 48.8799831, 2.2841272 48.8799924, 2.2840978 48.8800034, 2.2840695 48.8800155, 2.2840427 48.8800289, 2.2840235 48.8800398, 2.2839994 48.8800553, 2.2839769 48.8800719, 2.2839564 48.8800893, 2.2839376 48.8801077, 2.2839209 48.8801271, 2.2839062 48.880147, 2.2838936 48.8801677, 2.2837087 48.8801004, 2.2837611 48.8800441, 2.2837558 48.8800421, 2.2837579 48.8800383, 2.2836939 48.8800144, 2.28369 48.8800175, 2.2836844 48.8800153, 2.2836871 48.8800117, 2.2836242 48.8799857, 2.2836199 48.8799889, 2.283615 48.8799867, 2.2836177 48.8799829, 2.2835568 48.8799559, 2.2835522 48.8799586, 2.2835469 48.8799564, 2.2835493 48.8799526, 2.2834905 48.8799261, 2.2834851 48.8799282, 2.2834802 48.8799253, 2.2834826 48.8799215, 2.2834252 48.879891, 2.2834208 48.8798941, 2.2834158 48.8798913, 2.2834193 48.8798879, 2.2833625 48.8798566, 2.2833579 48.8798593, 2.2833531 48.8798567, 2.2833565 48.8798529, 2.2833011 48.8798205, 2.2832961 48.8798232, 2.2832917 48.8798206, 2.2832953 48.8798172, 2.2832422 48.8797832, 2.2832369 48.8797858, 2.2832325 48.8797827, 2.2832363 48.8797793, 2.2831848 48.8797447, 2.2831799 48.8797471, 2.2831756 48.8797441, 2.2831798 48.8797411, 2.2831485 48.8797202, 2.2831297 48.8797047, 2.2831245 48.879707, 2.2831203 48.8797041, 2.283125 48.8797013, 2.2830766 48.8796636, 2.2830712 48.879666, 2.2830673 48.8796627, 2.2830518 48.879645, 2.283026 48.8796213, 2.2830204 48.8796233, 2.2830168 48.87962, 2.2830213 48.8796171, 2.2829776 48.8795777, 2.2829717 48.8795799, 2.2829679 48.8795767, 2.2829724 48.8795735, 2.282935 48.8795361, 2.2829311 48.8795332, 2.2829251 48.8795351, 2.2829216 48.8795317, 2.282927 48.8795288, 2.2828848 48.8794891, 2.2828791 48.8794909, 2.2828757 48.8794875, 2.2828809 48.879485, 2.2828454 48.8794404, 2.2828394 48.879442, 2.2828363 48.8794385, 2.2828415 48.8794358, 2.2828072 48.8793926, 2.2828009 48.879394, 2.2827981 48.8793904, 2.2828035 48.8793877, 2.2827693 48.8793467, 2.2827631 48.8793479, 2.2827606 48.8793444, 2.2827659 48.8793423, 2.2827362 48.8792965, 2.2827299 48.8792978, 2.2827273 48.8792939, 2.2827334 48.879292, 2.282705 48.8792466, 2.2825442 48.8792878, 2.2825422 48.8792841, 2.2825496 48.8792822, 2.2825218 48.8792322, 2.2825154 48.8792332, 2.2825135 48.8792294, 2.2825193 48.8792274, 2.2824942 48.8791778, 2.2824876 48.8791784, 2.2824858 48.8791746, 2.2824915 48.8791727, 2.2824691 48.8791225, 2.2824631 48.879123, 2.2824615 48.8791191, 2.2824677 48.8791178, 2.282445 48.8790521, 2.2824371 48.8790526, 2.2824365 48.8790479, 2.2824503 48.8790471, 2.2825223 48.8790404, 2.2825191 48.8790304, 2.2825247 48.8790296, 2.2825275 48.8790391, 2.2826043 48.8790299, 2.2826019 48.8790195, 2.2826076 48.8790192, 2.2826107 48.8790283, 2.2827083 48.8790142, 2.2827053 48.8790041, 2.2827106 48.8790034, 2.2827154 48.8790126, 2.2827497 48.879006, 2.2827455 48.8789957, 2.2827794 48.8789893, 2.2828535 48.8789741, 2.2828584 48.8789842, 2.2828936 48.8789765, 2.2828888 48.8789677, 2.2828943 48.8789661, 2.2828998 48.8789747, 2.2829935 48.8789514, 2.2829882 48.8789426, 2.2829941 48.8789409, 2.2829999 48.8789499, 2.283032 48.8789412, 2.2830261 48.8789313, 2.2831295 48.8789006, 2.2831369 48.8789093, 2.2831684 48.878899, 2.2831618 48.8788898, 2.2832621 48.8788548, 2.2832699 48.8788636, 2.2833001 48.878852, 2.2832923 48.8788434, 2.2833895 48.8788039, 2.2833985 48.8788127, 2.2834278 48.8787999, 2.2834198 48.8787919, 2.2834252 48.8787895, 2.2834345 48.8787965, 2.2835158 48.8787586, 2.2835062 48.8787511, 2.2835106 48.8787485, 2.2835204 48.8787558, 2.2835485 48.8787415, 2.2835396 48.8787336, 2.2836268 48.878686, 2.2836378 48.8786934, 2.2836639 48.8786782, 2.283655 48.8786712, 2.2836594 48.8786683, 2.2836694 48.8786751, 2.283723 48.8786428, 2.2837428 48.8786302, 2.2837323 48.8786234, 2.2837367 48.8786205, 2.2837473 48.8786271, 2.2837796 48.8786061, 2.2838042 48.8785893, 2.2837926 48.8785831, 2.2837972 48.8785795, 2.2838087 48.8785859, 2.2838428 48.8785616, 2.2838656 48.8785446, 2.2838711 48.8785482, 2.2838653 48.8785521, 2.2839325 48.878601, 2.2839376 48.8785986, 2.2839416 48.8786017, 2.2839374 48.8786047, 2.2839881 48.8786451, 2.2839935 48.8786429, 2.2839975 48.878646, 2.2839929 48.8786492, 2.2840414 48.8786909, 2.2840472 48.8786889, 2.2840505 48.8786921, 2.2840462 48.8786952, 2.2840931 48.8787381, 2.2841002 48.8787351, 2.2841043 48.8787392, 2.2839626 48.8788032, 2.2840038 48.8788437, 2.2840098 48.8788418, 2.2840129 48.8788453, 2.2840081 48.8788479, 2.2840478 48.8788894, 2.2840535 48.8788876, 2.2840567 48.8788912, 2.2840549 48.8788918, 2.2840794 48.878924, 2.2840857 48.8789319, 2.2840888 48.8789358, 2.2840938 48.8789347, 2.2840968 48.8789383, 2.2840925 48.8789405, 2.2841028 48.8789535, 2.2841267 48.8789837, 2.284133 48.8789821, 2.2841355 48.8789857, 2.2841303 48.8789885, 2.2841617 48.8790326, 2.2841689 48.8790309, 2.2841718 48.8790346, 2.2841664 48.8790368, 2.2841959 48.8790817, 2.284202 48.8790806, 2.2842043 48.8790844, 2.2841987 48.8790866, 2.2842261 48.8791319, 2.2842327 48.8791311, 2.2842347 48.8791347, 2.2842284 48.8791366, 2.2842375 48.8791537, 2.2842543 48.8791826, 2.2842606 48.8791818, 2.2842624 48.8791856, 2.2842564 48.8791875, 2.2842715 48.8792185, 2.2842795 48.8792339, 2.2842858 48.8792332, 2.2842878 48.8792371, 2.284282 48.8792388, 2.28429 48.8792573, 2.284303 48.8792857, 2.284309 48.8792849, 2.2843106 48.879289, 2.2843035 48.8792905, 2.2843115 48.8793128, 2.284322 48.879338, 2.2843286 48.8793377, 2.2843296 48.8793415, 2.2843236 48.879343, 2.2843393 48.879391, 2.2843456 48.8793905, 2.2843469 48.8793945, 2.2843407 48.8793958, 2.2843537 48.8794438, 2.2843602 48.8794437, 2.2843614 48.8794478, 2.2843551 48.8794491, 2.2843658 48.8794971, 2.284372 48.8794973, 2.2843727 48.8795012, 2.2843665 48.8795022, 2.2843744 48.8795509, 2.2843803 48.879551, 2.2843808 48.8795551, 2.2843751 48.879556, 2.2843803 48.8796048, 2.2843865 48.8796052, 2.2843867 48.8796091, 2.2843805 48.8796098, 2.284383 48.8796584, 2.2843896 48.8796588, 2.2843897 48.879663, 2.2843837 48.8796637, 2.2843838 48.8797125, 2.28439 48.8797133, 2.2843898 48.8797174, 2.2843838 48.8797178, 2.2843812 48.8797664, 2.2843872 48.879767, 2.2843869 48.8797712, 2.2843806 48.8797715, 2.2843754 48.8798203, 2.2843808 48.8798227, 2.2843811 48.8798252, 2.2844811 48.8798307, 2.2844792 48.8798439, 2.2844637 48.8799668)))"
"relation/3514193","Paris","18","75004","Rue de l'Hôtel de Ville","arts_centre",,,"Cité Internationale des Arts","+33.1 42 78 71 72","multipolygon","https://www.citedesartsparis.net/","relation/3514193",,,,,"Q775591","fr:Cité internationale des arts",,,,,,,,,,,,,,,,,,,,,,,,,,,,,,,,,,,,,,,,,,,,,,,,,,,,,,,,,,,,,,,,,,,,,,,,,,,,,,,,,,,,,,,,,,,,,,,,,,,,,,,,,,,,,,,,,,,,,,,,,,,,,,,,,,"MULTIPOLYGON (((2.3573468 48.8540125, 2.3562321 48.8544075, 2.3562248 48.8543991, 2.3562046 48.8544068, 2.3562126 48.8544177, 2.3561375 48.8544451, 2.356131 48.8544366, 2.3560491 48.8543287, 2.3561029 48.8543109, 2.3561425 48.854298, 2.356133 48.8542851, 2.3571927 48.8539065, 2.3572433 48.8538884, 2.3572785 48.8539319, 2.3573468 48.8540125)), ((2.3561375 48.8544451, 2.3562126 48.8544177, 2.3562427 48.8544548, 2.356286 48.8544412, 2.3563266 48.8544888, 2.3564065 48.8544621, 2.3564709 48.8545417, 2.3565088 48.8545291, 2.3565439 48.8545721, 2.3563586 48.8546531, 2.3563125 48.8546744, 2.3561375 48.8544451)))"
"relation/15608165","Paris",,"75012","Boulevard Poniatowski","arts_centre",,"bercy@yeswecamp.org","Bercy Beaucoup",,"multipolygon","https://bercybeaucoup.org/","relation/15608165",,,,,,,,,,,,,,,,"Th-Sa 18:00-23:00",,,,,,,,,,,,,,,,,,,,,,,,,,,,,,,,,,,,,,,,,,,,,,,,,,,,,,,,,,,,,,,,,,,,,,,,,,,,,,,,,,,,,,,,,,,,,,,,,,,,,,,,,,,,,,,,,,,,,,,,"MULTIPOLYGON (((2.3909634 48.8293992, 2.390949 48.8292533, 2.391198 48.8290469, 2.3922106 48.8283992, 2.3928836 48.8281398, 2.3931402 48.8280693, 2.3942482 48.8280024, 2.3948487 48.8280247, 2.3952857 48.8280989, 2.3952393 48.8287022, 2.3950281 48.8295691, 2.3949712 48.8296585, 2.3943939 48.8304094, 2.3920711 48.829892, 2.391355 48.8296214, 2.3910651 48.8294875, 2.3909634 48.8293992)), ((2.388473 48.828417, 2.3894943 48.8280217, 2.3895619 48.8279971, 2.3896501 48.8279953, 2.3897743 48.8280225, 2.3900077 48.8281448, 2.3902858 48.8283572, 2.3903913 48.8285183, 2.3904177 48.8286465, 2.3904109 48.8287798, 2.3903145 48.8289535, 2.3902593 48.8290387, 2.3901851 48.8290764, 2.3900556 48.8290806, 2.3899156 48.8290596, 2.3897734 48.8290149, 2.3889968 48.8286894, 2.3889366 48.8286376, 2.388473 48.828417)), ((2.3890945 48.8292439, 2.389138 48.8292027, 2.3891056 48.8291871, 2.3891915 48.8291029, 2.3901965 48.8295222, 2.3908505 48.8297901, 2.3912817 48.8299676, 2.3917209 48.8301153, 2.3923036 48.8302705, 2.3927189 48.8303811, 2.3923902 48.8307983, 2.3920436 48.8307281, 2.3915352 48.8307594, 2.3911863 48.8305399, 2.389511 48.8294406, 2.3890945 48.8292439)))"
"way/17044233","Paris","13","75005","Rue Santeuil","arts_centre",,"bonjour@cesure.paris","Césure",,,"https://cesure.paris/","way/17044233",,,,"yes",,,,,,,,,,,,"Tu 12:00-14:00; We-Th 12:00-14:00; Fr 12:00-14:00","Plateau Urbain & Yes We Camp",,,,,,,,,"Paris","13","75005","Rue Santeuil","Université Paris III","university","+33 1 45 87 40 00","http://www.univ-paris3.fr/","Université Sorbonne Nouvelle - Paris 3","Q571293","fr:Université Sorbonne Nouvelle - Paris 3",,,,,,,,,,,,,,,,,,,,,,,,,,,,,,,,,,,,,,,,,,,,,,,,,,,,,,,,,,,,,,,,,,,,,,,,,,,,,,,,,,,,,,,,,,,,,,,,,,,,"POLYGON ((2.3531914 48.8403582, 2.3532216 48.8403101, 2.3532387 48.8402829, 2.3532758 48.8402236, 2.3533506 48.8401042, 2.3533906 48.8400403, 2.3534858 48.8398883, 2.3535746 48.8397464, 2.3535966 48.8397115, 2.3536819 48.8395753, 2.3537585 48.8394544, 2.3537608 48.8394493, 2.3538339 48.8393327, 2.3538846 48.8392518, 2.3539031 48.8392564, 2.3539106 48.8392446, 2.3539646 48.8391592, 2.354002 48.8391001, 2.3542757 48.8391752, 2.3547192 48.8392968, 2.3546826 48.839355, 2.3546267 48.8394523, 2.3545782 48.8395322, 2.3543215 48.8399381, 2.3542965 48.8399787, 2.354241 48.8400698, 2.3541156 48.8402678, 2.3539855 48.8404748, 2.3539788 48.8404854, 2.3539658 48.8405073, 2.353872 48.840536, 2.353817 48.8405216, 2.3536656 48.8404821, 2.3534756 48.8404324, 2.3532855 48.8403828, 2.3531914 48.8403582))"
"way/26584053","Paris","20","75005","Rue de Poissy","arts_centre","yes","accueil@collegedesbernardins.fr","Collège des Bernardins","+33 1 53 10 74 44",,"https://www.collegedesbernardins.fr/","way/26584053",,,,,"Q960165",,,,,,,,,,,"Mo-sa 10:00-18:00; Su 14:00-18:00",,,,,,,,,,,,,,,,,,,,,"building","attraction",,,,,,,,,,,,,,,,,,,,,,,,,,,,,,,,,,,,,,,,,,,,,,,,,,,,,,,,,,,,,,,,,,,,,,,,,,,,,,,,,,,,,,,,,,,,,,,,,,"POLYGON ((2.3522298 48.8492124, 2.3521324 48.8490926, 2.3519174 48.8488733, 2.3518651 48.8488954, 2.3517681 48.848795, 2.3518201 48.8487726, 2.3517402 48.8486906, 2.3516583 48.8486062, 2.3516184 48.8485655, 2.3516233 48.8485634, 2.3516033 48.8485429, 2.3517855 48.848466, 2.3517724 48.8484525, 2.3517886 48.8484453, 2.3518027 48.8484589, 2.3518227 48.8484504, 2.3518331 48.8484606, 2.3518082 48.848472, 2.3520688 48.8487404, 2.3523272 48.8490064, 2.3523552 48.8489959, 2.3523582 48.8489988, 2.352373 48.848993, 2.3523871 48.8490105, 2.3523729 48.8490159, 2.352387 48.8490314, 2.3524653 48.8491351, 2.3523712 48.849166, 2.3522859 48.8491941, 2.3522298 48.8492124))"
"way/30612670",,"4",,"Rue Eugène Spuller","arts_centre","yes",,"Carreau du Temple","+33 1 83 81 93 30",,"http://www.carreaudutemple.eu/","way/30612670","3",,,,"Q1064672","fr:Carreau du Temple",,,"3","mhs","1982-01-14","PA00086228",,"data.culture.gouv.fr:Ministère de la Culture - 2020-07",,,,"2024-10-01",,,,,,,"cadastre-dgi-fr source : Direction Générale des Impôts - Cadastre;mise à jour : 2008",,,,,,,,,,,,,,"Карро-дю-Тампль","metal","gabled",,,,,,,,,,,,,,,,,,,,,,,,,,,,,,,,,,,,,,,,,,,,,,,,,,,,,,,,,,,,,,,,,,,,,,,,,,,,,,,,,,,,,,,,,,,,,,,"POLYGON ((2.3625214 48.8648735, 2.3625173 48.8648799, 2.3625105 48.8648786, 2.3625115 48.8648723, 2.3624695 48.8648371, 2.3624673 48.8648383, 2.3624637 48.8648348, 2.3624661 48.8648333, 2.3624241 48.8647974, 2.3624213 48.8647986, 2.3624171 48.8647944, 2.3624195 48.8647929, 2.3623777 48.8647579, 2.3623749 48.864759, 2.3623713 48.8647558, 2.3623737 48.8647542, 2.3623315 48.8647185, 2.3623289 48.8647199, 2.362325 48.8647166, 2.3623275 48.864715, 2.3622857 48.8646804, 2.3622831 48.8646812, 2.3622788 48.8646771, 2.3622812 48.8646755, 2.3622692 48.864665, 2.3622664 48.864666, 2.3622626 48.864663, 2.362265 48.8646615, 2.362244 48.8646437, 2.3622232 48.8646261, 2.3622204 48.8646272, 2.3622166 48.8646237, 2.362219 48.8646221, 2.3622049 48.8646114, 2.3622025 48.8646126, 2.3621983 48.8646085, 2.3622007 48.8646069, 2.3621587 48.8645717, 2.3621559 48.8645726, 2.3621517 48.8645685, 2.3621541 48.8645669, 2.3621121 48.8645324, 2.3621095 48.8645335, 2.3621053 48.8645294, 2.3621077 48.8645278, 2.3620673 48.8644934, 2.3620645 48.8644944, 2.3620603 48.8644903, 2.3620627 48.8644887, 2.3620223 48.8644542, 2.3620195 48.8644552, 2.3620153 48.8644511, 2.3620177 48.8644495, 2.3619745 48.8644149, 2.361965 48.8644138, 2.3619658 48.8644099, 2.3619751 48.8644101, 2.3620297 48.8643829, 2.3620277 48.8643812, 2.3620333 48.8643787, 2.3620355 48.86438, 2.3620877 48.8643537, 2.3620855 48.8643515, 2.3620911 48.864349, 2.3620933 48.8643503, 2.3621457 48.8643229, 2.3621439 48.8643217, 2.3621495 48.8643192, 2.3621517 48.8643205, 2.3622047 48.8642933, 2.3622029 48.8642917, 2.362208 48.8642892, 2.3622104 48.8642909, 2.3622627 48.8642635, 2.3622611 48.8642619, 2.3622667 48.8642594, 2.3622689 48.8642607, 2.3623213 48.8642335, 2.3623199 48.8642318, 2.3623255 48.8642292, 2.3623277 48.8642306, 2.3623806 48.8642033, 2.3623782 48.8642017, 2.3623838 48.8641991, 2.362386 48.8642005, 2.3624388 48.8641736, 2.3624374 48.8641722, 2.362443 48.8641697, 2.3624453 48.864171, 2.3624979 48.8641427, 2.3624963 48.8641411, 2.3625019 48.8641386, 2.3625041 48.8641399, 2.3625565 48.8641133, 2.3625549 48.8641117, 2.3625605 48.8641091, 2.3625627 48.8641105, 2.3626153 48.8640832, 2.3626131 48.8640817, 2.3626187 48.8640792, 2.3626209 48.8640805, 2.3626739 48.8640532, 2.3626723 48.8640516, 2.3626779 48.8640491, 2.3626801 48.8640504, 2.3627331 48.8640234, 2.3627311 48.8640212, 2.3627388 48.8640165, 2.3627442 48.8640227, 2.3627414 48.8640245, 2.3627836 48.8640594, 2.362786 48.8640581, 2.3627906 48.8640614, 2.3627878 48.8640631, 2.3628294 48.8640986, 2.3628318 48.8640973, 2.3628364 48.8641006, 2.3628336 48.8641024, 2.3628756 48.8641375, 2.362878 48.8641361, 2.3628826 48.8641394, 2.3628798 48.8641412, 2.362921 48.8641768, 2.3629236 48.8641754, 2.3629282 48.8641787, 2.3629254 48.8641804, 2.3629674 48.8642153, 2.3629698 48.8642139, 2.362976 48.864219, 2.3629726 48.8642202, 2.3629849 48.8642308, 2.3629877 48.864229, 2.3629911 48.8642321, 2.3629883 48.8642337, 2.3630117 48.8642518, 2.3627795 48.8643682, 2.3628205 48.8644024, 2.3629663 48.8645301, 2.3630518 48.8646007, 2.3630478 48.8646025, 2.363049 48.8646044, 2.3630442 48.864607, 2.3630422 48.8646052, 2.3629886 48.864632, 2.36299 48.8646342, 2.3629851 48.8646368, 2.3629832 48.864635, 2.3629301 48.8646631, 2.3629313 48.8646649, 2.3629265 48.8646676, 2.3629245 48.8646658, 2.3628717 48.8646928, 2.3628729 48.8646946, 2.3628681 48.8646973, 2.3628661 48.8646955, 2.3628125 48.8647229, 2.3628141 48.8647247, 2.3628093 48.8647274, 2.3628073 48.8647255, 2.3627551 48.8647532, 2.3627569 48.8647551, 2.3627521 48.8647577, 2.3627501 48.8647559, 2.3626983 48.8647828, 2.3626995 48.8647848, 2.3626946 48.8647874, 2.3626927 48.8647856, 2.3626378 48.8648135, 2.362639 48.8648154, 2.3626342 48.864818, 2.3626322 48.8648162, 2.3625807 48.8648437, 2.3625818 48.8648459, 2.3625769 48.8648485, 2.362575 48.8648467, 2.3625214 48.8648735))"
"way/55503397","Paris","19","75004","Rue Beaubourg","arts_centre","yes",,"Centre Georges Pompidou","+33144781233",,"https://www.centrepompidou.fr","way/55503397",,,,"yes","Q178065","fr:Centre national d'art et de culture Georges-Pompidou",,"Renzo Piano;Richard Rogers;Gianfranco Franchini;Vincent Alain",,,,,"data.culture.gouv.fr:Ministère de la Culture - Direction générale du Patrimoine et de l’Architecture - 2021-05",,"1977","We 11:00-21:00; Th 11:00-23:00; Fr-Mo 11:00-21:00",,,,,"45",,,,"Cadastre. Mise à jour : 2010;survey",,,,,,,,,,,,,"attraction","Центр Жоржа Помпиду","gravel",,"Pompidou Centre","postmodern","0: Accueil, Information, Billets, Librairie;2-3: Bibliothèque publique d'information;4-5: Musée National d'Art Moderne","glass","https://www.centrepompidou.fr","international","Beaubourg;Centre Beaubourg","6","-1","Centre Pompidou","Centro Pompidou","Centre Georges Pompidou","Centro Georges Pompidou","ポンピドゥー・センター","조르주_퐁피두_센터","Pompidou-senteret","Centrum Pompidou","Центр Жоржа Помпіду","龐畢度中心","Centre National d'Art et de Culture Georges-Pompidou","Centre Pompidou","CNAC","5300000",,,,,,,,,,,,,,,,,,,,,,,,,,,,,,,,,,,,,,,,,,,,,,,,,,,,,,,,,,,,,,,,,,,,,,,,"POLYGON ((2.3524482 48.8597263, 2.3525927 48.8599968, 2.3530429 48.860819, 2.3532219 48.8611496, 2.3525717 48.8612948, 2.3524551 48.8613208, 2.3523948 48.8612169, 2.3523692 48.8611712, 2.3523468 48.8611774, 2.3523617 48.8612043, 2.3523307 48.8612115, 2.3523016 48.8612183, 2.3522469 48.8611159, 2.3523037 48.8611022, 2.3519063 48.8603646, 2.3518464 48.8602534, 2.3517841 48.8601377, 2.3517242 48.8600266, 2.3517117 48.8600089, 2.3516571 48.8599145, 2.3517601 48.8598882, 2.3524482 48.8597263))"
"way/55751632",,,,,"arts_centre","yes",,"Centre culturel de Serbie",,,,"way/55751632",,,,"yes",,,,,,,,,,,,,,,,,,,,,"cadastre-dgi-fr source : Direction Générale des Impôts - Cadastre. Mise à jour : 2010","Paris","123","75004","Rue Saint-Martin",,,,,,,,,,,,,,,,,"http://www.ccserbie.com/",,,,,,,,,,,,,,,,,,,"+33 1 42 72 50 50",,,,,,,,,,,,,,,,,,,,,,,,,,,,,,,,,,,,,,,,,,,,,,,,,,,,,,,,,,,,,,,,,,,,,,,"POLYGON ((2.3511848 48.8608343, 2.351046 48.8608738, 2.3509491 48.8608987, 2.3509014 48.8609108, 2.3508982 48.8609072, 2.3508779 48.8609146, 2.350896 48.8609471, 2.3509155 48.8609431, 2.3509271 48.8609635, 2.3509064 48.8609688, 2.3508841 48.8609745, 2.3508539 48.8609227, 2.3508123 48.8609355, 2.3508086 48.8609289, 2.3507921 48.8608993, 2.3507637 48.8609073, 2.3507422 48.8608688, 2.3510256 48.8607971, 2.3511439 48.8607609, 2.3511743 48.8608155, 2.3511848 48.8608343))"
"way/55751636",,,,,"arts_centre","yes",,"Centre Wallonie-Bruxelles",,,,"way/55751636",,,,"yes","Q28040651",,,,,,,,,,,"Mo-We,Fr-Sa 11:00-19:00; Th 14:00-21:00; Su,PH off",,"2024-07-25",,,,,,,"survey","Paris","127/129",,"Rue Saint-Martin",,,,,,,,,"attraction",,,,,,,,"https://www.cwb.fr/",,,,,,,,,,,,,,,,"CWBP",,,"+33 1 53 01 96 96","info@cwb.fr","+33 1 48 04 90 85",,,,,,,,,,,,,,,,,,,,,,,,,,,,,,,,,,,,,,,,,,,,,,,,,,,,,,,,,,,,,,,,,,,,,"POLYGON ((2.3510134 48.8611189, 2.3509628 48.8610287, 2.3510241 48.8610131, 2.3510191 48.8610047, 2.3510137 48.8610062, 2.3509491 48.8608987, 2.351046 48.8608738, 2.3510554 48.8608883, 2.3510751 48.8608808, 2.3510918 48.860905, 2.3512048 48.8608759, 2.351284 48.8610142, 2.3512943 48.8610338, 2.3511293 48.8610808, 2.3511007 48.8610938, 2.3510386 48.8611116, 2.3510134 48.8611189))"
"way/55997982",,,,,"arts_centre","yes",,"Halle des Blancs-Manteaux",,,,"way/55997982","2",,,,,,"Pierre-Charles Krieg",,,,,,,,,,,,,,,,"wlan","no","cadastre-dgi-fr source : Direction Générale des Impôts - Cadastre. Mise à jour : 2010",,,,,,,,,,,,,,,,,,,,,,,,,,,,,,,,,,,,,,,,,,,"Mairie de Paris","Paris Open Data",,,,,,,,,,,,,,,,,,,,,,,,,,,,,,,,,,,,,,,,,,,,,,,,,,,,,,,,,,,,,,,,,,,"POLYGON ((2.3586653 48.8578985, 2.3587337 48.8579437, 2.3587372 48.8579414, 2.3588146 48.8579941, 2.358878 48.8580368, 2.3588755 48.8580389, 2.3589442 48.8580844, 2.3588266 48.8581612, 2.3586714 48.8582627, 2.3585411 48.8583479, 2.3585257 48.8583579, 2.3584556 48.8583125, 2.3584529 48.8583139, 2.358389 48.8582715, 2.3583115 48.85822, 2.3583139 48.8582174, 2.3582471 48.8581722, 2.3584349 48.8580492, 2.3586653 48.8578985))"
"way/60272030",,,,,"arts_centre","yes",,"Centre Culturel Marocain",,,,"way/60272030","7",,,,,,,"Oualalou + Choi",,,,,,,"2022",,,,,,,,,,,,,,,,,,,,,,,,,,"flat",,,,"glass",,,,,,,,,,,,,,,,,,,,,,,,,"yes",,,,,,,,,,,,,,,,,,,,,,,,,,,,,,,,,,,,,,,,,,,,,,,,,,,,,,,,,,,,,,,,,,"POLYGON ((2.338838 48.8432588, 2.3388141 48.8432642, 2.3387838 48.8432104, 2.3388087 48.8432044, 2.3388518 48.8431941, 2.3388417 48.8431754, 2.3388655 48.8431698, 2.3390047 48.8431368, 2.3390146 48.8431345, 2.3390316 48.8431309, 2.3391559 48.8431045, 2.3391577 48.8431575, 2.3391584 48.8431837, 2.3390669 48.8432046, 2.3390637 48.8431975, 2.3389478 48.8432243, 2.3389568 48.8432414, 2.3389625 48.8432521, 2.3388487 48.8432778, 2.3388437 48.843269, 2.338838 48.8432588))"
"way/63224605","Paris","18","75019","Boulevard Sérurier","arts_centre","yes",,"La Gare Expérimentale",,,"https://garexp.org/","way/63224605","3",,,,,,,,,,,,,,,,,,,,"8",,,,"cadastre-dgi-fr source : Direction Générale des Impôts - Cadastre. Mise à jour : 2010",,,,,,,,,,,,,,,,,,,,,,,,,,,,,,,,,,,,,,,,,,,,,,,,,,,,,,,,,,,,,,,,,,,,,,,,,,,,,,,,,,,,,,,,,,,,,,,,,,,,,,,,,,,,,,,"POLYGON ((2.4064322 48.8783804, 2.4065492 48.8784338, 2.4064681 48.8785114, 2.4064049 48.8784825, 2.4063677 48.8785177, 2.4064028 48.8785341, 2.4063072 48.8786163, 2.4061882 48.8785564, 2.4063657 48.8784, 2.4063959 48.878414, 2.4064322 48.8783804))"
"way/63354216",,,,,"arts_centre","yes",,"Institut hongrois",,,,"way/63354216",,,,,"Q17320850",,,,,,,,,,,,,,,,,,,,"cadastre-dgi-fr source : Direction Générale des Impôts - Cadastre. Mise à jour : 2010",,,,,,,,,,,,,,,,,,,,,,,,,,,,,,,,,,,,,,,,,,,,,,"Q28",,,,,,,,,,,,,,,,,,,,,,,,,,,,,,,,,,,,,,,,,,,,,,,,,,,,,,,,,,,,,,,,,"POLYGON ((2.3324067 48.8491909, 2.3322609 48.8491724, 2.3322633 48.8491095, 2.3322118 48.8491067, 2.3322154 48.849062, 2.332218 48.849044, 2.3324054 48.849048, 2.3326376 48.849055, 2.3326331 48.8491382, 2.3326289 48.8492171, 2.3324067 48.8491909))"
"way/63564054",,,,,"arts_centre","yes",,"Galerie J. Kugel",,,,"way/63564054",,,,,,,"Hôtel Collot",,,,,,,,,"Mo-Sa 10:00-13:00, 14:30-18:30",,,,,,,,,"cadastre-dgi-fr source : Direction Générale des Impôts - Cadastre. Mise à jour : 2010",,,,,,,,,,,,,"gallery",,,,,,,,"http://www.galeriekugel.com",,,,,,,,,,,,,,,,,,,"+33 1 42 60 86 23","galerie@galeriekugel.com","+33 1 42 61 06 72",,,,,"art",,,,,,,,,,,,,,,,,,,,,,,,,,,,,,,,,,,,,,,,,,,,,,,,,,,,,,,,,,,,,,,,"POLYGON ((2.3213992 48.8618587, 2.3213561 48.8617875, 2.3213448 48.8617689, 2.3213026 48.861701, 2.3212946 48.8616881, 2.3215097 48.861625, 2.3214613 48.8615472, 2.321475 48.8615426, 2.3214469 48.861498, 2.3212204 48.8615659, 2.3211836 48.8615062, 2.3213964 48.861445, 2.3214522 48.8614298, 2.3214533 48.8614313, 2.321478 48.8614703, 2.321612 48.8616876, 2.3216304 48.8617167, 2.3216701 48.8617788, 2.3215318 48.8618196, 2.3213992 48.8618587))"
"way/63971649",,,,,"arts_centre","yes",,"Grande Halle de la Villette",,,"https://www.villette.com/","way/63971649",,,,"yes","Q2010697","fr:Grande halle de la Villette",,,,,,,,,"1867",,,,,,"16",,,,"cadastre-dgi-fr source : Direction Générale des Impôts - Cadastre. Mise à jour : 2010",,,,,,,,,,,,,,,"metal","gabled",,,,,,,,,,,,,,,,,,,,,,,,,,,,,,,,"glass","10",,,,,,,,,,,,,,,,,,,,,,,,,,,,,,,,,,,,,,,,,,,,,,,,,,,,,,,,,,,,,,"POLYGON ((2.3893726 48.8915613, 2.3909764 48.8901052, 2.3913075 48.8898046, 2.3916305 48.8899577, 2.3918023 48.8900402, 2.3919726 48.890122, 2.3922716 48.8902637, 2.3919418 48.8905631, 2.3903366 48.8920203, 2.3900263 48.8918733, 2.3896842 48.8917089, 2.3893726 48.8915613))"
"way/64040285",,,,,"arts_centre","yes",,"Cours Florent",,,"https://www.coursflorent.fr/","way/64040285",,,,,,,,,,,,,,,,,,,,,,,,,"cadastre-dgi-fr source : Direction Générale des Impôts - Cadastre. Mise à jour : 2010",,,,,,,,,,,,,,,,,,,,,,,,,,,,,,,,,,,,,,,,,,,,,,,,,,"survey",,,,,,,,,,,,,,,,,,,,,,,,,,,,,,,,,,,,,,,,,,,,,,,,,,,,,,,,,,,,,"POLYGON ((2.3732162 48.8914525, 2.3732193 48.8914605, 2.3730783 48.8915062, 2.3730517 48.8915148, 2.3729988 48.8915319, 2.3729673 48.8915423, 2.3729506 48.8915476, 2.3729161 48.8914665, 2.3729066 48.891444, 2.3728585 48.8913311, 2.3729178 48.8913203, 2.3731428 48.8912795, 2.3732162 48.8914525))"
"way/64040324",,,,,"arts_centre","yes",,"WIP Villette","+33 1 40 03 75 75",,"http://lavillette.com/agenda/#lieu=107#","way/64040324",,,"Maison de la Villette",,,,,,,,,,,,,,,,,,,,,,"cadastre-dgi-fr source : Direction Générale des Impôts - Cadastre. Mise à jour : 2010 + survey 2015",,,,,,,,,,,,,,,,,,,,,,,,,,,,,,,,,,,,,,,,,,,,,,,,,,,"limited","limited","yes","https://photos.app.goo.gl/mz7M9opvfLLUeeJd9",,,,,,,,,,,,,,,,,,,,,,,,,,,,,,,,,,,,,,,,,,,,,,,,,,,,,,,,,"POLYGON ((2.3849711 48.8960453, 2.3848529 48.8959912, 2.3849066 48.8959393, 2.384895 48.8958856, 2.3848205 48.8958487, 2.3849016 48.8957742, 2.3849813 48.8958127, 2.3850511 48.8958074, 2.385108 48.8957542, 2.3852247 48.895809, 2.3851715 48.895861, 2.3851841 48.8959083, 2.3852574 48.8959436, 2.3851775 48.8960195, 2.3850975 48.895984, 2.3850273 48.8959921, 2.3849711 48.8960453))"
"way/64941360",,"6","75007",,"arts_centre","yes",,"Espace Fondation EDF",,,"https://affluences.com/fondation-edf/reservation","way/64941360",,,"Sous-station Sèvres",,,,,,,,,,,,,,,,,,,,,,"cadastre-dgi-fr source : Direction Générale des Impôts - Cadastre. Mise à jour : 2010",,,,,,,,,,,,,,,,,,,,,,,,,,,,,,,,,,,,,,,,,,,,,,,,,,,,,,,"Espace Fondation EDF",,,,,,,,,,,,,,,,,,,,,,,,,,,,,,,,,,,,,,,,,,,,,,,,,,,,,,,,"POLYGON ((2.3284141 48.852416, 2.3282724 48.8524238, 2.3280737 48.8524347, 2.3280603 48.8523592, 2.3280471 48.8522844, 2.3282691 48.8522641, 2.3283684 48.8522656, 2.3284141 48.852416))"
"way/65100171",,,,,"arts_centre","yes",,"Centre Culturel Canadien",,,,"way/65100171","4",,,,"Q1033705",,,,,,,,,,,,,,,,,,,,"cadastre-dgi-fr source : Direction Générale des Impôts - Cadastre. Mise à jour : 2010",,,,,,,,,,,,,,,,,,,,,,,,,,"Canadian Cultural Centre",,,,,,,,,,,,,,,,,,,,,,,,,,,,,,,,,,,,,,,,,,,,,,,,,,,,,,,,,,,,,,,,,,,,,,,,,,,,,,,,,,,,,"POLYGON ((2.3152546 48.8606563, 2.3150457 48.8606665, 2.3150298 48.8605316, 2.3150146 48.8604019, 2.3151956 48.8603926, 2.3152223 48.8603916, 2.3152312 48.8604632, 2.3152458 48.8604692, 2.3152491 48.860504, 2.3152371 48.8605136, 2.3152494 48.8606151, 2.3153531 48.8606096, 2.315358 48.8606504, 2.3152546 48.8606563))"
"way/67725937",,,,,"arts_centre","yes","info@coree-culture.org","Centre Culturel Coréen","+33 1 47208415; +33 1 47208386",,"http://www.coree-culture.org","way/67725937","7",,,,,"en:Korean Cultural Center",,,,,,,,,,"Mo-Fr 9:30-18:00",,,,,,,,,"cadastre-dgi-fr source : Direction Générale des Impôts - Cadastre. Mise à jour : 2010",,,,,,,,,,,,,,,,,,,,,,,,,,"Korean Cultural Center",,"Centre Culturel Coréen",,,"한국문화원",,,,,,,,,,,,,,,,,,,,,,,,,"+33 1 47 23 58 97",,,,,,,,,,,,,,,,,,,,,,,,,,,,,,,,,,,,,,,,,,,,,,,,,,,,,,,"POLYGON ((2.321582 48.8752479, 2.321576 48.8753256, 2.3215025 48.8753228, 2.3215108 48.8752444, 2.3215143 48.8752097, 2.3215212 48.8751329, 2.3215871 48.8751369, 2.3216802 48.8751427, 2.3217263 48.8751455, 2.3217155 48.875255, 2.321668 48.8752522, 2.3216602 48.8752589, 2.3216294 48.8752573, 2.3216214 48.8752498, 2.321582 48.8752479))"
"way/69418226",,,,,"arts_centre","yes",,"Conservatoire Municipal Nadia et Lili Boulanger",,,"https://conservatoires.paris.fr/conservatoires/boulanger","way/69418226",,,,,,,,,,,,,,,,,,,,,,,,,"cadastre-dgi-fr source : Direction Générale des Impôts - Cadastre. Mise à jour : 2010",,,,,,,,,,,,,,,,,,,,,,,,,,,,,,,,,,,,,,,,,,,,,,,,,,,,,,,,,,,,,,,,,,,,,,,,,,,,,,,,,,,,,,,,,,,,,,,,,,,,,,,,,,,,,,,"POLYGON ((2.3446175 48.8775224, 2.3443347 48.8775632, 2.3443079 48.877567, 2.3441374 48.8775917, 2.3441228 48.8775225, 2.3443343 48.8775017, 2.3443212 48.8774506, 2.3443358 48.8774495, 2.3444405 48.8774417, 2.3445827 48.8774147, 2.3446018 48.8774738, 2.3446175 48.8775224))"
"way/69999925",,,,,"arts_centre","yes",,"Villa Belleville",,,"https://www.villabelleville.org/","way/69999925","1",,,,,,,,,,,,,,,,,,,,,,,,,,,,,,,,,,,,,,,,,,,,,,,,,,,,,,,,,,,,,,,,,,,,,,,,,,,,,,,,,,,,,,,,,,,,,,,,,,,,,,,,,,,,,,,,,,,,,,,,,,,,,,,,,,,,,,,"POLYGON ((2.3796857 48.8717769, 2.3797323 48.8717927, 2.379611 48.8719559, 2.3795706 48.8720106, 2.3795297 48.8720666, 2.3795488 48.8720729, 2.3795667 48.8720787, 2.3797352 48.8718527, 2.3797476 48.8718568, 2.3797844 48.8718101, 2.3798202 48.8717647, 2.3798342 48.8717689, 2.3798443 48.8717562, 2.3798553 48.8717425, 2.3799056 48.8717589, 2.3798953 48.8717725, 2.3798872 48.8717831, 2.3797952 48.8719054, 2.3797827 48.8719203, 2.3797227 48.8719991, 2.3794456 48.8723631, 2.3793677 48.8723353, 2.3793518 48.8723297, 2.3792797 48.8723041, 2.3793188 48.8722512, 2.3793575 48.872199, 2.3793932 48.8721508, 2.3794079 48.8721309, 2.3794418 48.8720857, 2.3794484 48.8720766, 2.3794544 48.8720684, 2.3794181 48.8720302, 2.3796166 48.8717536, 2.3796857 48.8717769))"
"way/69999947",,,,,"arts_centre","civic",,"Conservatoire municipal Georges Bizet",,,,"way/69999947","4",,,,,,,,,,,,,,,,,,,,,,,,"cadastre-dgi-fr source : Direction Générale des Impôts - Cadastre. Mise à jour : 2010",,,,,,,,,,,,,,,,,,,,,,,,,,,,,,,,,,,,,,,,,,,,,,,,,,,,,,,,,,,,,,,,,,,,,,,,,,,,,,,,,,,,,,,,,,,,,,,,,,,,,,,,,,,,,,,"POLYGON ((2.3893907 48.8661138, 2.3893586 48.8661784, 2.3892055 48.866139, 2.3889922 48.8660842, 2.3889505 48.8660735, 2.3890673 48.8658699, 2.3891997 48.8658868, 2.3891959 48.8659039, 2.3892759 48.8659146, 2.389271 48.8659353, 2.3893671 48.8659484, 2.3893625 48.8659674, 2.3894316 48.8659765, 2.3894266 48.8659988, 2.389444 48.8660018, 2.389432 48.8660277, 2.3893907 48.8661138))"
"way/70000298",,,,,"arts_centre","yes",,"Pavillon Carré de Baudouin",,,"https://www.pavilloncarredebaudouin.fr","way/70000298","2",,,,"Q3373018","fr:Pavillon Carré de Baudouin",,,"3","mhs","1928-10-19","PA00086788",,"data.gouv.fr:Ministère de la culture et de la communication - 2016-05-24","1770","Tu-Sa 14:00-18:00",,,,,,,"wlan","no","cadastre-dgi-fr source : Direction Générale des Impôts - Cadastre. Mise à jour : 2010",,,,,,,,,,,,,,,"roof_tiles","hipped",,,,,,,,,,,,,,,,,,,,,,,,,,,"Mairie de Paris","Paris Open Data",,,,,,,,,,,,,,,,,,,,,,,,,,,,,,,,,,,,,,,,,,,,,,,,,,,,,,,,,,,,,,,,,,,"POLYGON ((2.3940468 48.8699381, 2.3941926 48.8699945, 2.3942088 48.8700597, 2.3939924 48.8702239, 2.3939188 48.8701773, 2.3937629 48.8701132, 2.3938015 48.8700724, 2.3937971 48.8700705, 2.3938563 48.8700078, 2.393861 48.8700097, 2.3938986 48.86997, 2.3939807 48.870004, 2.3940468 48.8699381))"
"way/70004207",,,,,"arts_centre","yes",,"La Bellevilloise","+33 1 46 36 07 07",,"https://www.labellevilloise.com/","way/70004207",,,,"yes","Q3206638","fr:La Bellevilloise",,,,,,,,,,,,"2024-09-01",,,,,,,"survey 2017;cadastre-dgi-fr source : Direction Générale des Impôts - Cadastre. Mise à jour : 2010",,,,,,,,,,,,,,,,,,,,,,,,,,,,,,,,,,,,,,,,,,,,,,,,,,,,,,,,,"customers","flush","yes","yes","urinal;seated","designated",,,,,,,,,,,,,,,,,,,,,,,,,,,,,,,,,,,,,,,,,,,,,,,,,"POLYGON ((2.3921561 48.86846, 2.3919977 48.8684303, 2.3919959 48.8684341, 2.3919132 48.8684188, 2.3919084 48.8684288, 2.3917752 48.8684081, 2.3918369 48.8682179, 2.3918558 48.8681596, 2.3922551 48.8682247, 2.3922306 48.8682829, 2.3921784 48.8684069, 2.3921561 48.86846))"
"way/76031543","Paris","6","75018","Impasse de la Défense","arts_centre","yes",,"Le BAL",,,"https://www.le-bal.fr/","way/76031543",,,,,,,,,,,,,,,,,,,,,,,,,"cadastre-dgi-fr source : Direction Générale des Impôts - Cadastre. Mise à jour : 2010",,,,,,,,,,,,,,,,,,,,,,,,,,,,,,,,,,,,,,,,,,,,,,,,,,,,,,,,,"permissive","flush",,,"seated","yes","6 impasse de la Défense 75018, Paris, France","yes",,,,,,,,,,,,,,,,,,,,,,,,,,,,,,,,,,,,,,,,,,,,,,,"POLYGON ((2.3273441 48.885391, 2.3273077 48.8853692, 2.3273015 48.8853655, 2.3273016 48.8853606, 2.3273044 48.8853567, 2.3273179 48.8853464, 2.3272931 48.8853321, 2.3272848 48.8853373, 2.3272265 48.8853032, 2.3272362 48.8852969, 2.3272163 48.8852863, 2.3272021 48.8852975, 2.3271974 48.8852989, 2.3271894 48.8852986, 2.3271678 48.8852857, 2.3272431 48.885225, 2.3272667 48.8852394, 2.3272821 48.8852272, 2.3272767 48.8852239, 2.3272788 48.885222, 2.327376 48.8851472, 2.3274395 48.8851853, 2.3274936 48.8852181, 2.3275304 48.8852402, 2.3275362 48.8852437, 2.3274889 48.8852799, 2.3274595 48.8853025, 2.3273441 48.885391))"
"way/77670163",,,,,"arts_centre","train_station",,"Le Hasard Ludique",,,,"way/77670163","2",,,"yes","Q16507976","fr:Gare de l'avenue de Saint-Ouen","Gare Avenue de Saint-Ouen",,,,,,,,,"Tu-Th 12:00-24:00; Fr 12:00-02:00; Sa 11:00-02:00; Su 11:00-24:00",,"2024-07-24",,,,"maroon",,,"cadastre-dgi-fr source : Direction Générale des Impôts - Cadastre. Mise à jour : 2010","Paris","128","75018","Avenue de Saint-Ouen",,,,,,,,,,,,,,,,,"https://www.lehasardludique.paris/",,,,,,,,,,,,,,,,,,,"+33 9 81 98 67 55",,,,,,,,,,,,,,,,,,,,,,"yes",,,"station","yes","yes","yes","0",,,,,,,,,,,,,,,,,,,,,,,,,,,,,,,,,,,,,,,,,,"POLYGON ((2.3285537 48.8956013, 2.3287735 48.8956091, 2.328773 48.8956112, 2.328777 48.8956114, 2.3287643 48.8957521, 2.3288581 48.8957539, 2.3285809 48.8958033, 2.3285326 48.8957934, 2.3285423 48.8957047, 2.3285537 48.8956013))"
"way/78146448",,"3","75012",,"arts_centre","yes",,"Maison des ensembles","+33 1 53 46 75 10",,"https://ligueparis.org/","way/78146448",,,,"limited",,,,,,,,,,,,,,,,,,,,,"cadastre-dgi-fr source : Direction Générale des Impôts - Cadastre. Mise à jour : 2010",,,,,,,,,,,,,,,,,,,,,,,,,,,,,,,,,,,,,,,,,,,,,,,,,,,,,,,,,,,,,,,,,,,,,,"Toilettes aménagées Difficulté d’accès à l’élévateur extérieur Portes d’entrée s’ouvrant en sens contraire de la sortie de l’élévateur : danger avec l’escalier. Rampe sur l’entrée le long du terrain de sport avec mêmes problèmes des portes d’entrée",,,,,,,,,,,,,,,,,,,,,,,,,,,,,,,,,,,,,,,,,"POLYGON ((2.3769926 48.8481448, 2.3769249 48.8480561, 2.3769007 48.8480245, 2.3771179 48.8479517, 2.3771142 48.8479454, 2.3771742 48.8479261, 2.3771827 48.8479367, 2.3772111 48.8479721, 2.3770428 48.8480309, 2.3770555 48.8480466, 2.3770263 48.8480562, 2.3770447 48.8480801, 2.3770541 48.8480923, 2.3771079 48.848075, 2.3771158 48.8480841, 2.3772587 48.8480322, 2.3773475 48.8481419, 2.3770416 48.8482432, 2.3769904 48.8481761, 2.377011 48.8481691, 2.3769926 48.8481448))"
"way/79084804",,"22","75013","Rue Pierre Gourdault","arts_centre","yes",,"La Maison des Cinq Sens",,,"https://www.asm13.org/fr/la-maison-des-5-sens-le-service-pilote-dappui-la-scolarisation-et-de-soins-de-proximite","way/79084804",,,,,,,,,,,,,,,,,,"2024-11-18",,,,,,,,,,,,,,,,,,,,,,,,,,,,,,,,,,,,,,,,,,,,,,,,,,,,,,,,,,,,,,,,,,,,,,,,,,,,,,,,,,,,,,,,,,,,,,,,,,,,,,,,,,,,,,,,,,,,,,"POLYGON ((2.3702221 48.8311351, 2.3703658 48.8312361, 2.3703484 48.8312481, 2.3703101 48.8312744, 2.3701564 48.8311714, 2.3702221 48.8311351))"
"way/79633738",,,,,"arts_centre","public",,"La Générale",,,"http://www.lagenerale.fr/","way/79633738","1",,,"yes",,,,,,,,,,,,,,,,,,,,,,,,,,,,,,,,,,,,,"flat",,,,,,,,,,,,,,,,,,,,,,,,,,,,,,,,,,,,,,,,,,,,,,,,,,,,,,,"beige",,,,,,,,,,,,,,,,,,,,,,,,,,,,,,,,,,,,,,,,"POLYGON ((2.3255722 48.832702, 2.3255029 48.8327208, 2.3254785 48.832727, 2.3255096 48.8327783, 2.3255247 48.832778, 2.3255498 48.8328188, 2.3254226 48.8328615, 2.3253876 48.832816, 2.3254179 48.8328057, 2.3253809 48.832758, 2.3253507 48.8327682, 2.3252995 48.8327023, 2.3253241 48.8326592, 2.325453 48.8326251, 2.3254847 48.8326773, 2.3255114 48.8326704, 2.3255488 48.8326607, 2.3255722 48.832702))"
"way/80144728",,,,,"arts_centre","yes",,"Paris Anim' Brancion",,,,"way/80144728","2",,,,,,,,,,,,,,,,,,,,,,,,"cadastre-dgi-fr source : Direction Générale des Impôts - Cadastre. Mise à jour : 2010",,,,,,,,,,,,,,,,,,,,,,,,,,,,,,,,,,,,,,,,,,,,,,,,,,,,,,,,,,,,,,,,,,,,,,,,,,,,,,,,,,,,,,,,,,,,,,,,,,,,,,,,,,,,,,,"POLYGON ((2.3000838 48.8266542, 2.3000941 48.826653, 2.3001065 48.8266528, 2.3001197 48.8266558, 2.3001266 48.8266589, 2.3001336 48.826664, 2.3001376 48.8266703, 2.3002489 48.8266448, 2.3000886 48.8263437, 2.2996929 48.8264337, 2.2995965 48.8262523, 2.2999925 48.8261619, 2.3000114 48.8261979, 2.3001091 48.826175, 2.3003812 48.8266869, 2.3001284 48.8267416, 2.300165 48.8268057, 2.2998968 48.8268674, 2.2998165 48.826716, 2.3000838 48.8266542))"
"way/83934823","Paris","11","75016","Rue Jean de La Fontaine","arts_centre","yes",,"Conservatoire Francis Poulenc","+33 1 55 74 70 40",,,"way/83934823",,,,,,,,,,,,,,,,,,,,,,,,,"cadastre-dgi-fr source : Direction Générale des Impôts - Cadastre. Mise à jour : 2010",,,,,,,,,,,,,,,,,,,,,,,,,,,,,,,,,,,,,,,,,,,,,,,,,,,,,,,,,,,,,,,,,,,,,,,,,,,,,,,,,,,,,,,,,,,,,,,,,,,,,,,,,,,,,,,"POLYGON ((2.2749126 48.8521756, 2.274897 48.8521764, 2.2748995 48.8521745, 2.2748404 48.8521436, 2.2747928 48.8521188, 2.2747996 48.8521127, 2.2748065 48.8521019, 2.2748081 48.8520969, 2.2748073 48.8520833, 2.2748048 48.8520771, 2.2747977 48.8520678, 2.2747915 48.8520628, 2.2747756 48.8520547, 2.2747565 48.8520505, 2.2747472 48.8520498, 2.2747275 48.8520513, 2.2747119 48.8520558, 2.2746937 48.8520653, 2.2746551 48.8520453, 2.2745961 48.8520149, 2.2745479 48.8520545, 2.2744138 48.8519818, 2.2744139 48.851976, 2.2744182 48.8519658, 2.2744292 48.8519587, 2.2744411 48.8519569, 2.2744483 48.8519573, 2.2744561 48.8519613, 2.2745136 48.8519911, 2.2745277 48.8519798, 2.2745314 48.8519767, 2.2745429 48.8519684, 2.274556 48.8519601, 2.2745727 48.85195, 2.2745878 48.8519424, 2.2746091 48.8519339, 2.2746299 48.8519272, 2.274644 48.8519236, 2.274657 48.8519206, 2.2746762 48.8519167, 2.2746964 48.8519137, 2.2747187 48.8519117, 2.2747415 48.8519106, 2.2747622 48.8519107, 2.2747823 48.8519124, 2.274803 48.8519144, 2.2748206 48.8519176, 2.2748381 48.8519211, 2.2748567 48.8519265, 2.2748732 48.8519318, 2.2748948 48.8519403, 2.2749143 48.8519482, 2.2749184 48.8519501, 2.2749369 48.8519594, 2.2749814 48.8519218, 2.2750187 48.8518903, 2.2751594 48.8519646, 2.2751615 48.8519655, 2.2750253 48.8520797, 2.2749126 48.8521756))"
"way/148568804",,,,,"arts_centre",,"rbeaugendre@centreculturelirlandais.com","Centre culturel irlandais","+33 1 58 52 10 30",,"https://www.centreculturelirlandais.com/","way/148568804",,,"Collège des Irlandais",,"Q2945012","fr:Centre culturel irlandais de Paris",,,,,,,,,,,,"2024-07-28",,,,,,,"knowledge;survey",,,,,,,,,,,,,,,,,,,,,,,,,,,,,,,,,,,,,,,,,,,,,,,,,,,,,,,,"+33 1 58 52 10 99",,,,,,,,,,,,,,,,"yes",,,,,,,,,,,,,,,,,,,,,,,,,,,,,,,,,,,,,,,"POLYGON ((2.3458217 48.844075, 2.3458216 48.844068, 2.3458891 48.8440122, 2.3462211 48.8437413, 2.3463238 48.8436357, 2.3467093 48.8437822, 2.3467255 48.8438141, 2.346846 48.843875, 2.3468643 48.8438978, 2.3468332 48.8439186, 2.346697 48.8440097, 2.3467361 48.8440364, 2.3466103 48.844096, 2.3465669 48.8441165, 2.3465464 48.8441262, 2.3465304 48.844134, 2.3464654 48.8441657, 2.3465638 48.8443105, 2.3462954 48.8444335, 2.3462917 48.8444351, 2.3462132 48.8443702, 2.346155 48.8443263, 2.3460066 48.8442144, 2.3458217 48.844075))"
"way/166220702",,,,,"arts_centre",,,"Maison de l’Amérique latine",,,,"way/166220702",,,,,"Q1033700","fr:Maison de l'Amérique latine",,,,,,,,,,,,,,,,,,,,"Paris","217","75007","Boulevard Saint-Germain",,,,,,,,,,,,,,,,,"http://mal217.org/",,,,,,,,,,,,,,,,,,,"+33 1 49 54 75 00",,,,,,,,,,,,,,,,,,,,,,,,,,,,,,,,,,,,,,,,,,,,,,,,,,,,,,,,,,,,,,,,,,,,,,,"POLYGON ((2.3237572 48.8575846, 2.3234758 48.8573503, 2.3230504 48.8569966, 2.3229433 48.8568866, 2.3233096 48.8567303, 2.3233944 48.8568168, 2.3234826 48.8568865, 2.3237436 48.8570933, 2.324018 48.8573089, 2.3237572 48.8575846))"
"way/181911602","Paris","100","75014","Rue Didot","arts_centre","yes","broussais@mpaa.fr","Maison des Pratiques Artistiques Amateurs Broussais","+33 1 79 97 86 00",,"https://www.mpaa.fr/MPAA-Broussais","way/181911602",,,,"yes",,,,,,,,,,,,"Tu-Fr 14:00-22:00; Sa 10:00-19:00; Su 14:00-20:00",,,,,,,,,"bing;cadastre-dgi-fr source : Direction Générale des Impôts - Cadastre. Mise à jour : 2010",,,,,,,,,,,,,,,,,,,,,,,,,,,,,,,,,,,,,"MPAA Broussais",,,,,,,,,,,,,,,,,,,,,,,,,,,,,,,,,,,,"FR",,,,,,,,,,,,,,,,,,,,,,,,,,,,,,,,,,,,,,"POLYGON ((2.313588 48.8271692, 2.3132964 48.8272326, 2.3131556 48.8269541, 2.3132618 48.8268715, 2.3133015 48.8268942, 2.3133417 48.8268693, 2.3134854 48.8269676, 2.313588 48.8271692))"
"way/243973065",,,,,"arts_centre",,,"Institut suédois",,,,"way/243973065",,,"Centre Culturel Suédois",,"Q927844","fr:Centre culturel suédois","Institut Tessin",,,,,,,,,"Tu-Th 14:00-20:00; Fr-Su 12:00-18:00",,"2024-08-04",,,,,,,"cadastre-dgi-fr source : Direction Générale des Impôts - Cadastre. Mise à jour : 2010","Paris","11","75003","Rue Payenne",,,,,,,,,"museum",,,,,,,,"https://paris.si.se",,,,,,,,,,,,,,,,,,,"+33 1 44 78 80 20",,,,,,,,,,,,,,,,,,,,,,,,,,,,,,,,,,"no",,,,,,,,,,,,,,,,,,,,,,,,,,,,,,,,,,,,,"POLYGON ((2.3620659 48.8583487, 2.3619549 48.858391, 2.3617703 48.8584612, 2.3617234 48.8584224, 2.3615277 48.8582645, 2.3618752 48.858131, 2.3619374 48.8581065, 2.3621316 48.8580295, 2.3622249 48.8579925, 2.3622302 48.8579908, 2.3622684 48.8580429, 2.3623106 48.858101, 2.3623589 48.8581677, 2.3624002 48.8582243, 2.3622782 48.8582697, 2.3621179 48.8583293, 2.3620659 48.8583487))"
"way/278632326",,,,,"arts_centre",,,"Le Cent Quatre",,,"https://www.104.fr/","way/278632326",,,"Service municipal des Pompes Funèbres","yes","Q2944288","fr:Cent Quatre (établissement culturel)","Le Centquatre-Paris",,"3","mhs","1997-01-21","PA75190001",,"Ministère de la Culture - 06/2019",,,,"2023-04-15",,,,,,,"cadastre-dgi-fr source : Direction Générale des Impôts - Cadastre. Mise à jour : 2009",,,,,,,,,,,,,,,,,,,,,,,,,,,,,,,,,,,,,"Le 104",,,,,,,,,,,,,,,,,,,,,,,,,"yes",,,,,,,,,,,,,,,,,,,,,,,,,,,,,,,,,,,,,,,,,,,,,,,,,"POLYGON ((2.3684767 48.8901991, 2.3686574 48.890167, 2.368869 48.890128, 2.3695058 48.8900119, 2.3695141 48.8900301, 2.3695399 48.8900251, 2.3695319 48.8900072, 2.3699146 48.8899375, 2.3704326 48.8898416, 2.3704578 48.8898987, 2.3711081 48.8897824, 2.3710826 48.8897238, 2.3711629 48.8897091, 2.3713167 48.889681, 2.3713562 48.8896739, 2.3713698 48.8896714, 2.3715165 48.8899756, 2.3716657 48.8902852, 2.3716069 48.8902979, 2.3713413 48.8903462, 2.3713182 48.8902907, 2.3705335 48.8904335, 2.3705567 48.8904895, 2.3697854 48.8906264, 2.3697781 48.8906076, 2.3697512 48.8906131, 2.3697591 48.8906311, 2.3687422 48.8908175, 2.3686081 48.8905039, 2.3685019 48.8902576, 2.3684767 48.8901991))"
"way/309626332","Paris","8","75116","Avenue du Mahatma Gandhi","arts_centre","yes","contact@fondationlouisvuitton.fr","Fondation Louis Vuitton","+33 1 40 69 96 00",,"https://www.fondationlouisvuitton.fr/","way/309626332",,,,"yes","Q3075489","fr:Fondation d'entreprise Louis-Vuitton",,"Frank Gehry",,,,,,,"2014-10-24","Mo-Th 12:00-19:00; Tu off; Fr 12:00-21:00; Sa,Su 11:00-20:00",,,,,,,,,"knowledge;extrapolation;bing",,,,,,,,,,,,,"museum",,,,,,,,,,,,,,,,,,,,,,,,,,,,,,,,,,,,,,,,,,,,,,,,,"yes",,,,,,,,,,,,"full:14;discount: under 26: 10, under 18: 5;free: under 3, journalist, ICOM, ICOMOS, COTOREP, ONAC, MDPH, CDAPH","20023362",,,,,,,,,,,,,,,,,,,,,,,,,,,,,,,,,,,,"POLYGON ((2.2632441 48.8768112, 2.2627778 48.8769126, 2.262661 48.8768764, 2.2626254 48.8768593, 2.2626027 48.8768145, 2.2625346 48.876806, 2.2624924 48.8767762, 2.2625054 48.8767271, 2.2625476 48.8767101, 2.26258 48.8766951, 2.2625767 48.876644, 2.2626102 48.8766282, 2.2626448 48.876612, 2.2627064 48.8765928, 2.2627972 48.8765779, 2.2628718 48.8765437, 2.2629788 48.8765096, 2.2630307 48.8765096, 2.2630663 48.8765096, 2.2631895 48.8764137, 2.2632576 48.8764776, 2.2632771 48.8765139, 2.263377 48.8765083, 2.26353 48.8764755, 2.2635851 48.8763966, 2.263809 48.8764579, 2.2637999 48.8765026, 2.2639487 48.8765617, 2.2641094 48.8766561, 2.2641593 48.8766854, 2.2641104 48.876735, 2.2639829 48.8768152, 2.263967 48.8768142, 2.2639215 48.8768115, 2.2637605 48.8768021, 2.2637506 48.8767512, 2.2636315 48.8768661, 2.2635839 48.8768621, 2.2635008 48.8768615, 2.2634663 48.8768557, 2.2634211 48.8768085, 2.2633736 48.8767812, 2.2633132 48.8767977, 2.2632441 48.8768112))"
"way/330235523",,,,,"arts_centre",,,"Cité des arts",,,"https://www.citedesartsparis.net/","way/330235523",,,,,"Q775591","fr:Cité internationale des arts",,,,,,,,,,,,,,,,,,,,,,,,,,,,,,,,,,,,,,,,,,,,,,,,,,,,,,,"Cité internationale des arts",,,,,,,,,,,,,,,,,,,,,,,,,,,,,,,,,,,,,,,,"grass",,,,,,,,,,,,,,,,,,,,,,,,,,,,,,,,,,,"POLYGON ((2.3379444 48.8881463, 2.3382336 48.8880578, 2.3380612 48.8878361, 2.3381475 48.8876907, 2.3380698 48.8875399, 2.338041 48.8874879, 2.3387263 48.8872812, 2.3388186 48.8874872, 2.3390799 48.8881287, 2.3382497 48.8883785, 2.3381842 48.8883982, 2.3381183 48.8883827, 2.3380877 48.8883411, 2.3379444 48.8881463))"
"way/330244281",,"73",,"Rue de Grenelle","arts_centre",,,"Institut culturel italien",,,,"way/330244281",,,,,,,,,,,,,,,,,,"2023-12-26",,,,,"no",,,,,,,,,,,,,,,,,,,,,,,"https://iicparigi.esteri.it/iic_parigi/it/",,,,,,,,,,,,,,,,,,,,,,,,,,,,,,,,,,,,,,,,,,,,,,,,,,,,,"no",,,,,,,,,,,,,,,,,,,,,,,,,,,,,,,,,,,,,"POLYGON ((2.3238564 48.8553658, 2.3236767 48.8550979, 2.3235381 48.8549081, 2.3227661 48.855147, 2.3222465 48.8544419, 2.3223807 48.854413, 2.3226015 48.8547181, 2.3230338 48.8546014, 2.3231134 48.8547136, 2.3237023 48.8545554, 2.3238698 48.8548002, 2.3236202 48.8548806, 2.3239261 48.8553246, 2.3238564 48.8553658))"
"way/389174690",,,,,"arts_centre","yes",,"Espace Louise Michel",,,"https://www.espacelouisemichel.net/","way/389174690",,,,,,,,,,,,,,,,,,,,,,,,,"cadastre-dgi-fr source : Direction Générale des Impôts - Cadastre. Mise à jour : 2010",,"42 ter",,"Rue des Cascades",,,,,,,,,"gallery",,,,,,,,,,,,,,,,,,,,,,,,,,,,,,,,,,,,,,,,,,,,,,,,,,,,,,,,,,,,,,,,,,,,,,,,,,,,,,,,,,,,,,,,,,,,,,,,,,"POLYGON ((2.3914531 48.8718285, 2.3914141 48.871803, 2.3913286 48.8717472, 2.3913578 48.8717206, 2.3913893 48.8716919, 2.3915315 48.8717712, 2.3914531 48.8718285))"
"way/618744163","Paris","9","75013","Port de la Gare","arts_centre","boat","info@quaidelaphoto.fr","Quai de la photo","+33 7 66 43 01 18",,"https://quaidelaphoto.fr/","way/618744163",,,,"no",,,,,,,,,,,,"May-Oct 12:00-23:30; Nov-Dec We-Su 12:00-23:30; Jan-Apr We-Su 12:00-23:30",,,,,,,,,,,,,,,,,,,,,,,,,,,,,,,,,,,,,,,,,,,,,,,,,,,,,,,,,,,,,,,,,,,,,,,,,,,,,,,,,,,,,,"brazilian",,,,,,,,,,,,,,,,,,,,,,,,,,,,,,,,,,"POLYGON ((2.3755695 48.8364864, 2.3755732 48.8364909, 2.3755742 48.8364995, 2.3755685 48.8365081, 2.375547 48.8365286, 2.3753056 48.8367543, 2.3752959 48.836761, 2.3752872 48.8367638, 2.3752765 48.8367649, 2.3752607 48.8367632, 2.3752513 48.8367599, 2.3752439 48.8367515, 2.3752409 48.8367431, 2.3752443 48.8367334, 2.3752537 48.8367223, 2.3753029 48.8366767, 2.3754238 48.8365646, 2.3755118 48.8364829, 2.3755219 48.8364763, 2.3755346 48.8364743, 2.375547 48.8364756, 2.3755695 48.8364864))"
"way/618750321",,,,,"arts_centre","boat",,"Bateau Daphné",,,"https://www.bateaudaphne.com/","way/618750321",,,,,,,,,,,,,,,,,,,,,,,,,,,,,,,,,,,,,,,,,,,,,,,,,,,,,,,,,,,,,,,,,,,,,,,,,,,,,,,"http://www.bateaudaphne.com/images/Daphne.jpg",,,,,,,,,,,,,,,,,,,,,,,,"yes",,,,,,,,,,,,,,,,,,,,,,,,,,,,,,,,,"POLYGON ((2.3492425 48.85215, 2.3495159 48.8520476, 2.3496492 48.8519977, 2.3496675 48.8519951, 2.3496866 48.852, 2.3496957 48.8520071, 2.3496995 48.8520204, 2.3496963 48.8520276, 2.3496854 48.8520362, 2.3492812 48.8521864, 2.3492753 48.8521887, 2.3492672 48.8521908, 2.3492585 48.8521908, 2.3492474 48.852189, 2.349232 48.8521802, 2.3492271 48.8521699, 2.3492314 48.8521577, 2.3492425 48.85215))"
"way/973123037","Paris","38","75011","Rue Saint-Maur","arts_centre",,,"Atelier des Lumières","+33 1 80 98 46 00",,"https://www.atelier-lumieres.com/","way/973123037",,,,"yes","Q56255196","fr:Atelier des Lumières",,,,,,,,,,"Mo-Th 10:00-18:00; Fr-Sa 10:00-22:00; Su 10:00-18:00",,"2025-01-12",,,,,,,,,,,,,,,,,,,,,,,,,,,,,,,,,,,,,,,,,,,,,,,,,,,,,,,,,,,,,,,,,,,,,"yes",,,,,,,,,,,,,,,,,"périmètre estimé",,,,,,,,,,,,,,,,,,,,,,,,,,,,,,,,"POLYGON ((2.3808168 48.8615946, 2.3809512 48.8616511, 2.3810969 48.8617157, 2.3812427 48.8615681, 2.3815604 48.8617039, 2.3814917 48.8617833, 2.3813482 48.8619406, 2.3812069 48.8620954, 2.3811616 48.8621446, 2.3810599 48.862255, 2.3807215 48.8620956, 2.3809773 48.8618367, 2.3808286 48.8617742, 2.3807893 48.8617564, 2.3806996 48.8617166, 2.3807662 48.8616472, 2.3808168 48.8615946))"
"node/305949890",,"2","75018","Rue de la Barrière Blanche","arts_centre",,,"Môm'artre",,,,"node/305949890",,,,,,,,,,,,,,,,,,"2024-10-21",,,,,,,"http://www.momartre.com/",,,,,,,,,,,,,,,,,,,,,,,,,,,,,,,,,,,,,,,,,,,,,,,,,,,,,,,,,,,,,,,,,,,,,,,,,,,,,,,,,,,,,,,,,,,,,,,,,,,,,,,,,,,,,,,"POINT (2.3316058 48.8889497)"
"node/308209496",,,,,"arts_centre",,,"Studio des Islettes",,,,"node/308209496",,,,,,,,,,,,,,,,,,,,,,,,,,,,,,,,,,,,,,,,,,,,,,,,,,,,,,,,,,,,,,,,,,,,,,,,,,,,,,,,,,,,,,,,,,,,,,,,,,,,,,,,,,,,,,,,,,,,,,,,,,,,,,,,,,,,,,,,"POINT (2.350683 48.8844316)"
"node/323911913","Paris","5-7","75004","Rue de Fourcy","arts_centre",,,"Maison Européenne de la Photographie","+33 1 44 78 75 00",,"https://www.mep-fr.org/","node/323911913",,,,"limited","Q3100297","fr:Maison européenne de la photographie","MEP",,,,,,,,,"We-Su 11:00-20:00",,"2024-11-08",,,,,,,,,,,,,,,,,,,,"museum",,,,,,,,,,,,,,,,,,,,,,,,,,,,,,,,,,,,,,,,,,,,,,,,,,,,,,,,,,,,,"yes",,,,,,"yes",,,,,,,,,,,,,,,,,,,,,,,,,,,,,,,"POINT (2.3589562 48.8551205)"
"node/326238821","Paris","200","75010","Quai de Valmy","arts_centre",,,"Le Point Ephémère",,,"https://www.pointephemere.org/","node/326238821",,,,,,,"Le Point FMR",,,,,,,,,,,"2024-08-31",,,,,,,,,,,,,,,,,,,,,,,,,,,,,,,,,,,,,,,,,,,,,,,,,,,,,,,,,,,,,,,,,,,,,,,,,,,,,,,,,,,,,,,,,,,,,,,,,,,,,,,,,,,,,,,,,,,,,,"POINT (2.3684839 48.8814118)"
"node/428167020",,"19",,,"arts_centre",,,"Centre Paris Anim' Bessie Smith (ex Reuilly)",,,"https://www.paris.fr/lieux/centre-paris-anim-bessie-smith-ex-reuilly-1136","node/428167020",,,,"yes",,,,,,,,,,,,,,,,,,,"wlan","no","cadastre-dgi-fr source : Direction Générale des Impôts - Cadastre. Mise à jour : 2011",,,,,,,,,,,,,,,,,,,,,,,,,,,,,,,,,,,,,,,,,,,"Mairie de Paris","Paris Open Data",,,,,,,,,,,,,,,,,,,,,,,,,,,,,,,,,,,,,,,,,,,,,,,,,,,,,,,,,,,,,,,,,,,"POINT (2.3895404 48.8424054)"
"node/599954812",,,,,"arts_centre",,,"Conservatoire municipal Claude Debussy - Site de la Jonquière","+33 1 44859800",,"https://www.paris.fr/equipements/conservatoire-municipal-claude-debussy-site-la-jonquiere-3976","node/599954812",,,,,,,,,,,,,,,,,,"2024-08-30",,,,,,,,,,,,,,,,,,,,,,,,,,,,,,,,,,,,,,,,,,,,,,,,,,,,,,,,,,,,,,,,,,,,,,,,,,,,,,,,,,,,,,,,,,,,,,,,,,,,,,,,,,,,,,,,,,,,,,"POINT (2.3190527 48.8947523)"
"node/667305409",,,,,"arts_centre",,,"Espace Hattori",,,"http://www.ccfj-paris.org/","node/667305409",,,"Centre culturel franco-japonais",,,,,,,,,,,,,,,,,,,,,,"survey",,,,,,,,,,,,,,,,,,,,,,,,,,,,,,,,,,,,,,,,,,,,,,,,,,,,,,,,,,,,,,,,,,,,,,,,,,,,,,,,,,,,,,,,,,,,,,,,,,,,,,,,,,,,,,,"POINT (2.392884 48.8512398)"
"node/705459010",,,,,"workshop",,,"Vélorution",,,"https://velorution.org/paris/atelier/bastille/","node/705459010",,,,"yes",,,,,,,,,,,,"Tu 16:00-20:00; Th 18:30-20:30; Su 14:00-19:00",,,,,,,,,,,,,,,,,,,,,,,,,,,,,,,,,,,,,,,,,,,,,,,,,,"atelier.bastille@velorution.org.",,,,,,,,,,,,,,,,,,,,,,,,,,,,,,,,,,,,,,,,"yes","www.facebook.com/ateliervelorutionbastille","L’Atelier Vélorution Bastille, à la Maison du Vélo de Paris, est un atelier participatif associatif, entièrement bénévole.  Le but est de favoriser la pratique du vélo au quotidien par l’échange des savoir-faires autour de la mécanique vélo et le réemploi","82787923000015","assisted_self_service","yes","yes",,,,,,,,,,,,,,,,,,,,,,,,"POINT (2.367359 48.8522762)"
"node/787319268",,"18",,"Rue de l'Orillon","arts_centre",,"infos@le-local.net","Le Local","+33 1 46 36 11 89",,,"node/787319268",,,,"yes",,,,,,,,,,,,,,"2024-08-18",,,,,,,,,,,,,,,,,,,,,,,,,,,,,,,,,,,,,,,,,,,,,,,,,,,,,,,,,,,,,,,,,,,,,,,,,,,,,,,,,,,,,,,,,,,,,,,"http://www.le-local.net/",,,,,,,,,,,,,,,,,,,,,,,"POINT (2.3756096 48.8698621)"
"node/1036512812","Paris","1","75018","Rue Fleury","arts_centre",,,"FGO-Barbara","+33 1 53 09 30 70",,"https://fgo-barbara.fr","node/1036512812",,,"Barbara Fleury",,"Q2945873","fr:Centre musical Fleury Goutte d'Or-Barbara","Barbara Fleury Goutte d'Or",,,,,,,,,"Tu-Fr 11:00-20:00; Sa 10:00-19:00; Su 11:00-19:00",,,,,,,,,,,,,,,,,,,,,,,,,,,,,,,,,,,,,,,,,,,,,,,,,,,,,,,,,,,,,,,,,,,,,,,,,,,,,,,,,,,,,,,,,,,,,,,,,,,,,,,,,,,,,,,,,,,,,,,,"POINT (2.3538553 48.884294)"
"node/1215516782",,,,,"arts_centre",,,"ADAC",,,,"node/1215516782",,,,,,,,,,,,,,,,,,,,,,,,,,,,,,,,,,,,,,,,,,,,,,,,,,,,,,,,,,,,,,,,,,,,,,,,,,,,,,,,,,,,,,,,,,,,,,,,,,,,,,,,,,,,,,,,,,,,,,,,,,,,,,,,,,,,,,,,"POINT (2.3668617 48.8245519)"
"node/1273487391","Paris","53","75006","Rue Notre-Dame-des-Champs","arts_centre",,,"Le Lucernaire",,,"https://www.lucernaire.fr/","node/1273487391",,,,,"Q3265122",,,,,,,,,,,,,,,,,,,,,,,,,,,,,,,,,,,,,,,,,,,,,,,,,,,,,,,,,,,,,,,,,,,,,,,,,,,,,,,,,,,,,,,,,,,,,,,,,,,,,,,,,,,,,,,,,,,,,,,,,,,,,,,,,,,"POINT (2.3304599 48.8442592)"
"node/1427038398",,,,"Passage Molière","arts_centre",,,"Maison de la Poésie","+33144545300",,"https://maisondelapoesieparis.com/","node/1427038398",,,,"yes",,,,,,,,,,,,,,"2024-04-07",,,,,,,,,,,,,,,,,,,,,,,,,,,,,,,,,,,,,,,,,,,,,,,,,,,,,,,,,,,,,,,,,,,,,"yes",,,,,,,,,,,,,,,,,,,,,,,,,,,,,,,,,,,,,,,,,,,,,,,,,"POINT (2.3515821 48.8623766)"
"node/1434867441",,,,,"arts_centre",,,"Le 100 ECS",,,,"node/1434867441",,,,,,,,,,,,,,,,,,,,,,,,,,"Paris","100","75012","Rue de Charenton",,,,,,,,,,,,,,,,,"http://100ecs.fr/",,,,,,,,,,,,,,,,,,,,,,,,,,,,,,,,,,,,,,,,,,,,,,,,,,,,,,,,,,,,,,,,,,,,,,,,,,,,,,,,,,,,,,,,,,"POINT (2.3769905 48.8476483)"
"node/1589533901","Paris","24","75012","Rue Antoine-Julien Hénard","arts_centre",,"courrier@lechantier.asso.fr","Le Chantier","+33 1 49 28 51 40",,"http://www.lechantier.asso.fr/","node/1589533901",,,,"limited",,,,,,,,,,,,,,,,,,,,,,,,,,,,,,,,,,,,,,,,,,,,,,,,,,,,,,,,,,,,,,,,,,,,,,,,,,,,,,,,,,,,,,,,,,,,,,,,,,,,,,,,,,,,,,"christian",,,,,,,,,,,,,,,,,,,,,,"POINT (2.3899605 48.8425187)"
"node/1606575931",,,,,"arts_centre",,,"Centre culturel suisse",,,"https://ccsparis.com/","node/1606575931",,,,,"Q2945014",,,,,,,,,,,,"Pro Helvetia",,,,,,,,,,,,,,,,,,,,,,,,,,,,,,,,,,,,,,,,,,,,,,,,,"ccs@ccsparis.com",,,,,,,,,,,,,,,,,,,,,,,,,,,,,,,,,,,,,,"Fermé pour travaux jusqu'en 2025",,,,,,,,,,,"no",,,,,,,,,,,,,,,,,,,,,"POINT (2.3597684 48.8585275)"
"node/2388303756","Paris","22","75019","Rue des Alouettes","arts_centre",,,"Le Plateau",,,,"node/2388303756",,,,,"Q3225673","fr:Le Plateau (centre d'art contemporain)",,,,,,,,,,"We-Su 14:00-19:00",,,,,,,,,,,,,,,,,,,,,,,,,,,,,,,,,,,,,,,,,,,,,,,,,,,,,,,,,,,,,,,,,,,,,,,,,,,,,,,,,,,,,,,,,,,,,,,,,,,,,,,,,,,,,,,,,,,,,,,,"POINT (2.3858246 48.8776787)"
"node/2575207493",,,,,"arts_centre",,,"Centre Culturel Italien",,,"https://www.centreculturelitalien.com/","node/2575207493",,,,,,,,,,,,,,,,,,,,,,,,,,,,,,,,,,,,,,,,,,,,,,,,,,,,,,,,,,,,,,,,,,,,,,,,,,,,,,,,,,,,,,,,,,,,,,,,,,,,,,,,,,,,,,,,,,,,,,,,,,,,,,,,,,,,,,,,"POINT (2.3451311 48.8521394)"
"node/2580430864","Paris","88","75017","Rue de la Jonquière","arts_centre",,,"Centre Paris Anim' La Jonquière","+33 1 44 85 98 00",,"https://www.paris.fr/equipements/centre-paris-anim-la-jonquiere-1153","node/2580430864",,,,,,,,,,,,,,,,,"Mairie de Paris",,,,,,"wlan","no","cadastre-dgi-fr source : Direction Générale des Impôts - Cadastre;mise à jour : 2013",,,,,,,,,,,,,,,,,,,,,,,,,,,,,,,,,,,,,,,,,,,"Mairie de Paris","Paris Open Data",,,,,,,,,,,,,,,,,,,,,,,,,,,,,"FR",,,,,,,,,,,,,,,,,,,,,,,,,,,,,,,,,,,,,,"POINT (2.3190869 48.8947476)"
"node/2740474005","Paris","72","75018","Rue Riquet","arts_centre",,,"Shakirail",,,"https://shakirail.curry-vavart.com/","node/2740474005",,,,,,,,,,,,,,,,,"Collectif Curry Vavart",,,,,,,,,,,,,,,,,,,,,,,,,,,,,,,,,,,,,,,,,,,,,,,,,,,,,,,,,,,,,,,,,,,,,,,,,,,,,,,,,,,,,,,,,,,,,,,,,,,,,,,,,,,,,,,,,,,,,,,"POINT (2.3647026 48.8903302)"
"node/2763160520",,,,,"arts_centre",,,"La Péniche cinéma",,,,"node/2763160520",,,,,,,,,,,,,,,,,,"2024-08-11",,,,,,,,,,,,,,,,,,,,,,,,,,,,,,,,,,,,,,,,,,,,,,,,,,,,,,,,,,,,,,,,,,,,,,,,,,,,,,,,,,,,,,,,,,,,,,,,,,,,,,,,,,,,,,,,,,,,,,"POINT (2.3923772 48.8951201)"
"node/2836200501",,"123",,"Rue de Tocqueville","arts_centre",,,"La Métisse",,,,"node/2836200501",,,,,,,,,,,,,,,,,,,,,,,,,,,,,,,,,,,,,,,,,,,,,,,,,,,,,,,,,,,,,,,,,,,,,,,,,,,,,,,,,,,,,,,,,,,,,,,,,,,,,,,,,,,,,,,,,,,,,,,,,,,,,,,,,,,,,,,,"POINT (2.305079 48.889215)"
"node/2839173482",,,,,"arts_centre",,,"Conservatoire municipal Jean-Philippe Rameau",,,,"node/2839173482",,,,,,,,,,,,,,,,,,"2023-04-23",,,,,,,,,,,,,,,,,,,,,,,,,,,,,,,,,,,,,,,,,,,,,,,,,,,,,,,,,,,,,,,,,,,,,,,,,,,,,,,,,,,,,,,,,,,,,,,,,,,,,,,,,,,,,,,,,,,,,,"POINT (2.3354942 48.8519784)"
"node/2888046444",,,,,"arts_centre",,,"Antenne FRAC Île-de-France",,,,"node/2888046444",,,,,,,,,,,,,,,,,,,,,,,,,,,,,,,,,,,,,,,,,,,,,,,,,,,,,,,,,,,,,,,,,,,,,,,,,,,,,,,,,,,,,,,,,,,,,,,,,,,,,,,,,,,,,,,,,,,,,,,,,,,,,,,,,,,,,,,,"POINT (2.3854415 48.8784073)"
"node/2888095267",,,,,"arts_centre",,,"FRAC Antenne culturelle",,,,"node/2888095267",,,,,,,,,,,,,,,,,,,,,,,,,,,,,,,,,,,,,,,,,,,,,,,,,,,,,,,,,,,,,,,,,,,,,,,,,,,,,,,,,,,,,,,,,,,,,,,,,,,,,,,,,,,,,,,,,,,,,,,,,,,,,,,,,,,,,,,,"POINT (2.3861269 48.8782913)"
"node/2951577920",,,,,"arts_centre",,,"Conservatoire libre du cinema francais",,,,"node/2951577920",,,,,,,,,,,,,,,,,,,,,,,,,,,,,,,,,,,,,,,,,,,,,,,,,,,,,,,,,,,,,,,,,,,,,,,,,,,,,,,,,,,,,,,,,,,,,,,,,,,,,,,,,,,,,,,,,,,,,,,,,,,,,,,,,,,,,,,,"POINT (2.379498 48.8875552)"
"node/3089663948",,,,,"arts_centre",,,"Centre culturel Pouya",,,,"node/3089663948",,,,"limited",,,,,,,,,,,,,,"2024-07-26",,,,,"wlan",,,,,,,,,,,,,,,,,,,,,,,,,,,,,,,,,,,,,,,,,,,,,,,,,,,,,,,,,,,"customers","flush",,,"seated","no",,,,,,,,,,,,,,,,,,,,,,,,,,,,,"https://www.facebook.com/Centrepouya/",,,,,,,,,,,,,,,,,,,,"POINT (2.3669314 48.8699163)"
"node/3269732329","Paris","116","75010","Quai de Jemmapes","arts_centre",,,"La scène du canal",,,,"node/3269732329",,,,,,,,,,,,,,,,"Mo-Fr 09:00-22:30; Sa 13:00-22:30","CRL10",,,,,,,,,,,,,,,,,,,,,,,,,,,,,"https://www.crl10.net/node/96",,,,,,,,,,,,,,,,,,,"+33 1 48 03 33 22","com@crl10.net",,,,,,,,,,,,,,,,,,,,,,,,,,,,,,,,,,,,,,,,,"https://www.facebook.com/LaSceneDuCanal/",,,,,,,,,,,,,,,,,,,,,,,,,,,,,"POINT (2.3639881 48.8748446)"
"node/3290566954","Paris","5","75019","Rue du Plateau","arts_centre",,,"Atelier du plateau",,,"https://atelierduplateau.org/","node/3290566954",,,,,,,,,,,,,,,,,,,,,,,,,,,,,,,,,,,,,,,,,,,,,,,,,,,,,,,,,,,,,,,,,,,,,,,,,,,,,,,,,,,,,,,,,,,,,,,,,,,,,,,,,,,,,,,,,,,,,,,,,,,,,,,,,,,,,,,,"POINT (2.385064 48.8777443)"
"node/3596314882",,,,,"arts_centre",,,"Atelier D'Orbo",,,"https://www.atelierdorbo.com","node/3596314882",,,,,,,,,,,,,,,,,,,,,,,,,,,,,,,,,,,,,,,,,,,,,,,,,,,,,,,,,,,,,,,,,,,,,,,,,,,,,,,,,,,,,,,,,,,,,,,,,,,,,,,,,,,,,,,,,,,,,"art",,,,,,,,,,,,,,,,,,,"POINT (2.3688458 48.8567626)"
"node/3775429263",,,,,"arts_centre",,,"Bétonsalon",,,"https://www.betonsalon.net/","node/3775429263",,,,"yes",,,,,,,,,,,,,"Université Paris Diderot",,,,,,,,"survey",,,,,,,,,,,,,,,,,,,,,,,,,,,,,,,,,,,,,,,,,,,,,,,,,,,,,,,,,,,,,,,,,,,,,,,,,,,,,,,,,,,,,,,,,,,,,,,,,,,,,,,,,,,,,,,"POINT (2.3817559 48.8294004)"
"node/3867844182",,,,,"arts_centre",,,"La Manufacture 111",,,"https://manufacture111.com/","node/3867844182",,,,,,,,,,,,,,,,,,,,,,,,,"survey",,,,,,,,,,,,,,,,,,,,,,,,,,,,,,,,,,,,,,,,,,,,,,,,,,,,,,,,,,,,,,,,,,,,,,,,,,,,,,,,,,,,,,,,,,,,,,,,,,,,,,,,,,,,,,,"POINT (2.4110383 48.8486259)"
"node/4136628491",,,,,"arts_centre",,,"Institut Finlandais",,,"https://www.institut-finlandais.fr/","node/4136628491",,,,"yes",,,,,,,,,,,,"Tu-Sa 11:00-18:00",,,,,,,,,,,,,,,,,,,,,,,,,,,,,,,,,,,,,,,,,,,,,,,,,,,,,,,,,,,,,,,,,,,,,,,,,,,,,,,,,,,,,,,,,,,,,,,,,,,,,,,,,,,,,,,,,,,,,,,,"POINT (2.3434081 48.8501755)"
"node/4188424198","Paris","26","75019","Rue du Docteur Potain","arts_centre",,,"DOC!",,,"https://doc.work/","node/4188424198",,,,,,,,,,,,,,,,,,,,,,,,,,"Paris","26","75019","Rue du Docteur Potain",,,,,,,,,,,,,,,,,,,,,,,,,,,,,,,,,,,,,,,,,,,,,,,,,,,,,,,,,,,,,,,,,,,,,,,,,,,,,,,,,,,,,,,,,,,,,,,,,,,,,,,,,,,"POINT (2.39805 48.8770846)"
"node/4203756589",,,,,"arts_centre",,,"Espace Japon",,,,"node/4203756589",,,,,,,,,,,,,,,,"Tu-Fr 13:00-19:00; Sa 13:00-18:00",,,,,,,,,,"Paris","12","75010","Rue de Nancy",,,,,,,,,,,,,,,,,"https://www.espacejapon.com/",,,,,,,,,,,,,,,,,,,"+33 1 47 00 77 47",,"+33 1 47 00 44 28",,,,,,,,,,,,,,,,,,,,,,,,,,,,,,,,,,,,,,,,,,,,,,,,,,,,,,,,,,,,,,,,,,,,,"POINT (2.3584622 48.8724397)"
"node/4406078992","Paris","9","75004","Rue Sainte-Croix de la Bretonnerie","arts_centre",,,"Centre d'Études Catalanes","+33 1 42 77 65 69",,"https://lettres.sorbonne-universite.fr/faculte-des-lettres/sites-campus-et-acces/centre-detudes-catalanes","node/4406078992",,,,,,,,,,,,,,,,,,,,,,,,,,,,,,,,,,,,,,,,,,,,,,,,,,,,,,,,,,,,,,,,,,,,,,,,,,,,,,,,,,,,,,,,,,,,,,,,,,,,,,,,,,,,,,,,,,,,,,,,,,,,,,,,,,,,,,,,"POINT (2.3566174 48.857994)"
"node/4423424990",,,,,"arts_centre",,,"Centre culturel du Vietnam en France",,,,"node/4423424990",,,,,,,,,,,,,,,,,,"2023-10-25",,,,,,,,,,,,,,,,,,,,,,,,,,,,,,,,,,,,,,,,,,,,,,,,,,,,,,,,,,,,,,,,,,,,,,,,,,,,,,,,,,,,,,,,,,,,,,,,,,,,,,,,,,,,,,,,,,,,,,"POINT (2.3728293 48.8244257)"
"node/4448519355",,,,,"arts_centre",,,"Les Ateliers de Paris",,,,"node/4448519355",,,,"yes","Q43058449",,"Activites artisanales et creation",,,,,,,,,,,,,,,,"wlan","no",,"Paris","30","75012","Rue du Faubourg Saint-Antoine",,,,,,,,,,,,,,,,,,,,,,,,,,,,,,,,,,,,"+33 1 44 73 83 50",,,"Mairie de Paris","Paris Open Data",,,,,,,,,,,,,,,,,,,,,,,,,,,,,,,,,,,,,,,"Incubateur d'entreprises et galerie d'art",,,,,,,,,,,,,,,,,,,,,,,,,,,,"POINT (2.3716166 48.8523834)"
"node/4512162050","Paris","7","75009","Cité Chaptal","arts_centre",,,"International Visual Theatre",,,,"node/4512162050",,,,"yes","Q948449",,,,,,,,,,,,,,,,,,,,,,,,,,,,,,,,,,,,,,,,,"https://ivt.fr/",,,,,,,,,,,,,,,,,,,"+33 1 53 16 18 18","contact@ivt.fr",,,,,,,,,,,,,,,,,,,,,,,,,,,,,,,,,,,,,,,,,,,,,,,,,,,,,,,,,,,,,,,,,,,,,,"POINT (2.3331453 48.8814873)"
"node/4529727538",,,,,"arts_centre",,"lecentre@lecentredesarts.com","Centre des Arts Vivants","+33 1 55 28 84 00",,"https://lecentredesarts.com","node/4529727538",,,,"limited",,,,,,,,,,,,"Mo-Sa 09:30-22:00",,"2023-09-02",,,,,,,,,,,,,,,,,,,,,,,,,,,,,,,,,"Performing Arts Center",,"Centre des Arts Vivants",,,,,,,,,,,,,,,,,,,,,,,,,,,,,,,,,,,,,,,,,,,,,,,,,,,,,,,"École de danse, théâtre, comédie musicale, etc.",,,,,,,,,,"yes",,,,,,,,,,,,,,,,,,"POINT (2.3715382 48.8564688)"
"node/4808482774",,,,,"arts_centre",,,"Centre culturel de l'Ambassade d'Ukraine",,,,"node/4808482774",,,,,,,,,,,,,,,,,,"2024-05-03",,,,,,,,,,,,,,,,,,,,,,,,,,,,,,,,,,,,,,,,,,,,,,,,,,,,,,,,,,,,,,,,,,,,,,,,,,,,,,,,,,,,,,,,,,,,,,,,,,,,,"UA",,,,,,,,,,,,,,,,,"POINT (2.3132913 48.8764325)"
"node/4848933194",,,,,"arts_centre",,,"MAIF Social Club","+33 1 44 92 50 90",,"https://www.maifsocialclub.fr/","node/4848933194",,,,,,,,,,,,,,,,"Mo, Sa 10:00-19:00; Tu-Fr 10:00-20:30",,,,,,,,,,"Paris","37","75003","Rue de Turenne",,,,,,,,,,,,,,,,,,,,,,,,,,,,,,,,,,,,,,,,,,,,,,,,,,,,,,,,,,,,,,,,,,,,,,,,,,,,,,,,,,,,,,,,,,,"2024-11-02",,,,,,,,,,,,,,,,"POINT (2.3639545 48.8571208)"
"node/4893981411","Paris","32","75018","Rue Gabrielle","arts_centre",,"contact@lifedrawingmontmartre.com","Life Drawing Montmartre",,,"https://lifedrawingmontmartre.com/","node/4893981411",,,,,,,,,,,,,,,,"Tu 10:00-19:00, Su 14:00-19:00",,,,,,,,,,,,,,,,,,,,,,,,,,,,,,,,,,,,,,,,,,,,,,,,,,,,,,,,,,,,,,,,,,,,,,,,,,,,,,,,,,,,,,,,,,,,,,,,,,,,,,,,,,,,,,,,,,,,,,,,"POINT (2.3396123 48.8861304)"
"node/5167357522",,,,,"arts_centre",,,"Créalab",,,,"node/5167357522",,,,,,,,,,,,,,,,,,,,,,,,,,,,,,,,,,,,,,,,,,,,,,,,,,,,,,,,,,,,,,,,,,,,,,,,,,,,,,,,,,,,,,,,,,,,,,,,,,,,,,,,,,,,,,,,,,,,,,,,,,,,,,,,,,,,,,,,"POINT (2.3641545 48.8246132)"
"node/5255508893",,,,,"arts_centre",,,"Centre Culturel RATP Auguste Dobel",,,,"node/5255508893",,,,,,,,,,,,,,,,,"RATP","2023-06-23",,,,,,,,,,,,,,,,,,,,,,,,,,,,,,,,,,,,,,,,,,,,,,,,,,,,,,,,,,,,,,,,,,,,,,,,,,,,,,,,,,,,,,,,,,,,,,,,,,,,,,,,,,,,,,,,,,,,,,"POINT (2.408525 48.8506415)"
"node/5275835137",,,,,"workshop",,,"La Ressourcerie des Batignolles",,,"https://laressourceriedesbatignolles.org/","node/5275835137",,,,"yes",,,,,,,,,,,,"We-Fr 14:00-19:00; Sa 11:00-19:00","Association 1000 collectes","2023-07-13",,,,,,,"CRESS Île-de-France",,,,,,,,,,,,,,,,,,,,,,,,,,,,,,,,,,,,,,,,"+33 973665103","contact@laressourceriedesbatignolles.org",,,,,,"second_hand",,,,,,,,,,,,,,,,,,,,,,,,,,,,,,,,,,,"https://www.facebook.com/laressourceriedesbatignolles",,"81223340100015","assisted_self_service",,,,,,,,,,,"Ressourcerie","Réseau national des ressourceries","information","yes","yes",,,,,,,,,,,"POINT (2.30867 48.88894)"
"node/5965674513","Paris","21","75004","Rue des Blancs-Manteaux","arts_centre",,,"Maison des acteurs du Paris durable",,,,"node/5965674513",,,,,,,,,,,,,,,,,,,,,,,,,,,,,,,,,,,,,,,,,,,,,,,,,,,,,,,,,,,,,,,,,,,,,,,,,,,,,,,,,,,,,,,,,,,,,,,,,,,,,,,,,,,,,,,,,,,,,,,,,,,,,,,,,,,,,,,,"POINT (2.3564526 48.8588559)"
"node/5989482226",,,,,"arts_centre",,"accueil@institut-cultures-islam.org","Institut des Cultures d'Islam","+33 1 53 09 99 84",,"https://www.institut-cultures-islam.org/","node/5989482226",,,,,"Q16303755","fr:Institut des cultures d'Islam",,,,,,,,,,"Tu-Th 11:00-19:00; Fr 16:00-20:00; Sa-Su 11:00-19:00",,"2024-04-01",,,,,,,,,,,,,,,,,,,,,,,,,,,,,,,,,,,,,,,,,,,,,,,,,,,,,,,,,,,,,,,,,,,,,,,,,,,,,,,,,,,,,,,,,,,,,,,,,,,,,,,,,,,,,,,,,,,,,,"POINT (2.3562132 48.8884734)"
"node/6200944893",,,,,"arts_centre",,,"Institut des Cultures d'Islam",,,,"node/6200944893",,,,,"Q16303755","fr:Institut des cultures d'Islam",,,,,,,,,,"Tu-Th 11:00-19:00; Fr 16:00-20:00; Sa-Su 11:00-19:00",,,,,,,,,,"Paris","19","75018","Rue Léon",,,,,,,,,,,,,,,,,"https://www.institut-cultures-islam.org/",,,,,,,,,,,,,,,,,,,"+33 1 53 09 99 84","accueil@institut-cultures-islam.org",,,,,,,,,,,,,,,,,,,,,,,,,,,,,,,,,,,,,,,,,,,,,,,,,,,,,,,,,,,,,,,,,,,,,,"POINT (2.3534083 48.8877997)"
"node/6432537383","Paris","33","75019","Quai de l'Oise","arts_centre","ship",,"Péniche Demoiselle",,,"https://www.peniche-demoiselle.com/","node/6432537383",,,,,,,,,,,,,,,,,,,,,,,,,,,,,,,,,,,,,,,,,,,,,,,,,,,,,,,,,,,,,,,,,,,,,,,,,,,,,,,,,,,,,,,,,,,,,,,,,,,,,,,,,,,,,,,,,,,,,,,,,,,,,,,,,,,,,,,,"POINT (2.3855538 48.8919751)"
"node/6724479622",,,,,"arts_centre",,,,,,"https://www.goodplanet.org/fr/domaine/genesis-lexposition-de-sebastiao-salgado/","node/6724479622",,,,,,,,,,,,,,,,,,,,,,,,,,,,,,,,,,,,,,,,,,,,,,,,,,,,,,,,,,,,,,,,,,,,,,,,,,,,,,,,,,,,,,,,,,,,,,,,,,,,,,,,,,,,"Galerie photographique en extérieur.",,,,,,,,,,,,,,,,,,"Sebastião Salgado",,,,,,,,,,"POINT (2.2367075 48.8650712)"
"node/6778844820",,,,,"arts_centre",,,"Atelier studio",,,,"node/6778844820",,,,,,,,,,,,,,,,,,,,,,,,,,,,,,,,,,,,,,,,,,,,,,,,,,,,,,,,,,,,,,,,,,,,,,,,,,,,,,,,,,,,,,,,,,,,,,,,,,,,,,,,,,,,,,,,,,,,,,,,,,,,,,,,,,,,,,,,"POINT (2.3676244 48.8245515)"
"node/6778844831",,,,,"arts_centre",,,"Ateliers pluriculturels",,,,"node/6778844831",,,,,,,,,,,,,,,,,,"2024-03-22",,,,,,,,,,,,,,,,,,,,,,,,,,,,,,,,,,,,,,,,,,,,,,,,,,,,,,,,,,,,,,,,,,,,,,,,,,,,,,,,,,,,,,,,,,,,,,,,,,,,,,,,,,,,,,,,,,,,,,"POINT (2.3675173 48.8247716)"
"node/6939432361","Paris","34","75019","Quai de la Loire","arts_centre","ship",,"Péniche Anako",,,"https://penicheanako.org/","node/6939432361",,,,,,,,,,,,,,,,,,"2023-05-08",,,,,,,,,,,,,,,,,,,,,,,,,,,,,,,,,,,,,,,,,,,,,,,,,,,,,,,,,,,,,,,,,,,,,,,,,,,,,,,,,,,,,,,,,,,,,,,,,,,,,,,,,,,,,,,,,,,,,,"POINT (2.3737392 48.8851852)"
"node/7154893142","Paris","86","75018","Rue du Poteau","arts_centre",,"chaudiere75@laposte.net","La Chaudière",,,,"node/7154893142",,,,,,,,,,,,,,,,"""Selon événements""",,,,,,,,,,,,,,,,,,,,,,,,,,,,,,,,,,,,,,,,,,,,,,,,,,,,,,,,,,,,,,,,,,,,,,,,,,,,,,,,,,,,,,,,,,,,"Ateliers de deux artistes et lieu d'expos, spectacles, débats, soirées thématiques....",,,,,,,,,,,,,,,,,,,,,,,,,,,,"POINT (2.3387424 48.8966451)"
"node/7169452491",,,,,"arts_centre",,,"Centre Culturel Coréen",,,,"node/7169452491",,,,,,,,,,,,,,,,,,"2025-01-09",,,,,,,,"Paris","20","75008","Rue La Boétie",,,,,,,,,,,,,,,,,"https://coree-culture.org/",,,,,,,,,,,,,,,,,,,"+33 1 47 20 84 15","info@coree-culture.org",,,,,,,,,,,,,,,,,,,,,,,,,,,,,,,,,,,,,,,,,,,,,,,,,,,,,,,,,,,,,,,,,,,,,,"POINT (2.3167144 48.8742004)"
"node/7995899109",,,,,"arts_centre",,,"Atelier d'art Bridaine",,,"https://atelierbridaine.com/","node/7995899109",,,,,,,,,,,,,,,,,,,,,,,,,,,,,,,,,,,,,,,,,,,,,,,,,,,,,,,,,,,,,,,,,,,,,,,,,,,,,,,,,,,,,,,,,,,,,,,,,,,,,,,,,,,,,,,,,,,,,,,,"2020-10-10",,,,,,,,,,,,,,,,"POINT (2.3199693 48.8858508)"
"node/8037722263",,,,,"arts_centre",,,"Auditorium Boris Vian",,,,"node/8037722263",,,,"yes",,,,,,,,,,,,,,"2023-05-16",,,,,,,,,,,,,,,,,,,,,,,,,,,,,,,,,,,,,,,,,,,,,,,,,,,,,,,,,,,,,,,,,,,,,,,,,,,,,,,,,,,,,,,,,,,,,,,,,,,,,,,,,,,,,"4713",,,,,,,,,"POINT (2.3906341 48.8905363)"
"node/8097333276",,,,,"workshop",,"contact@laressourceriecreative.com","La Ressourcerie Créative","+33 1 85 09 96 63",,"https://www.laressourceriecreative.com/","node/8097333276",,,,"yes",,,,,,,,,,,,"Tu-We,Fr-Sa 12:00-19:00, Su 11:00-17:00",,,,,,,,,"CRESS Île-de-France",,,,,,,,,,,,,,,,,,,,,,,,,,,,,,,,,,,,,,,,,,,,,,,"second_hand",,,,,,,,,,,,,,,,,,,,,,,,,,,,,,,,,,,,,"80956195400029","assisted_self_service",,,,,,,,,,,"Ressourcerie","Réseau national des ressourceries","information","yes","yes",,,"2023-09-17","only",,,,,,,"POINT (2.3267178 48.8262184)"
"node/8326191696",,,,,"arts_centre",,,"Mémoire de l’Avenir",,,"https://www.memoire-a-venir.org/lespaceinterculturel.html","node/8326191696",,,,"no",,,,,,,,,,,,,,,,,,,,,,,,,,,,,,,,,,,,,,,,,,,,,,,,,,,,,,,,,,,,,,,,,,,,,,,,,,,,,,,,,,,,,,,,,,,,,,,,,,,,,,,,,,,,,,,,,,,,,,,,,,,,,,,,,,,,"POINT (2.3814925 48.8717457)"
"node/8493135695",,,,,"arts_centre",,,"Les temps du corps",,,,"node/8493135695",,,,,,,,,,,,,,,,,,"2023-11-22",,,,,,,,,,,,,,,,,,,,,,,,,,,,,,,,,,,,,,,,,,,,,,,,,,,,,,,,,,,,,,,,,,,,,,,,,,,,,,,,,,,,,,,,,,,,,,,,,,,,,,,,,,,,,,,,,,,,,,"POINT (2.3523355 48.8712188)"
"node/8606644056",,,,,"workshop",,,"La Textilerie",,,,"node/8606644056",,,,"limited",,,,,,,,,,,,"Mo-Sa 11:00-19:30",,"2023-04-16",,,,,,,"CRESS Île-de-France",,,,,,,,,,,,,,,,,,,,,"http://www.latextilerie.fr",,,,,,,,,,,,,,,,,,,"+33 1 40 35 77 14","contact@latextilerie.fr",,,,,,"clothes",,,,,,,,,,,,,,,,,,,,,,,,,,,,,,,,,,,"https://www.facebook.com/facebook.com/latextilerie",,"82998324600028","assisted_self_service",,,,,,,,,,,,,"information","yes",,,,,"only","0",,,,,,"POINT (2.3629222 48.8813412)"
"node/8606644060",,,,,"workshop",,,"HomeMaker",,,,"node/8606644060",,,,,,,,,,,,,,,,,,,,,,,,,"CRESS Île-de-France",,,,,,,,,,,,,,,,,,,,,"https://www.homemakers.fr/",,,,,,,,,,,,,,,,,,,,"contact@homemakers.fr",,,,,,"second_hand",,,,,,,,,,,,,,,,,,,,,,,,,,,,,,,,,,,"https://www.facebook.com/homemakersparis/","Fab Lab Textile et Design","79301329300022","assisted_self_service",,,,,,,,,,,,,"information","yes","yes",,,,,,,,,,,"POINT (2.3046603 48.8378299)"
"node/8770408870",,,,,"arts_centre",,,"Institut culturel du Mexique",,,"https://icm.sre.gob.mx/francia/index.php/fr","node/8770408870",,,,,,,,,,,,,,,,,,,,,,,,,,,,,,,,,,,,,,,,,,,,,,,,,,,,,,,,,,,,,,,,,,,,,,,,,,,,,,,,,,,,,,,,,,,,,,,,,,,,,,,,,,,,,,,,,,,,,,,,,,,,,,,,,,,,,,,,"POINT (2.3624729 48.8610031)"
"node/9155279978","Paris","10-12","75018","Rue Maurice Grimaud","arts_centre",,,"Maison de la conversation",,,"https://maisondelaconversation.org/","node/9155279978",,,,"yes",,,,,,,,,,,,,,,,,,,,,,,,,,,,,,,,,,,,,,,,,,,,,,,,,,,,,,,,,,,,,,,,,,,,,,,,,,,,,,,,,,,,,,,,,,,,,,,,,,,,,,,,,,,,,,,,,,,,,,,,,,,,,,,,,,,,"POINT (2.3372487 48.9003396)"
"node/9426890994",,,,,"arts_centre",,,"L'atelier des anges",,,,"node/9426890994",,,,,,,,,,,,,,,,,,,,,,,,,,,,,,,,,,,,,,,,,,,,,,,,,,,,,,,,,,,,,,,,,,,,,,,,,,,,,,,,,,,,,,,,,,,,,,,,,,,,,,,,,,,,,,,,,,,,,,,,,,,,,,,,,,,,,,,,"POINT (2.2705263 48.8546289)"
"node/9544549509",,,,,"arts_centre",,,"Paris Ateliers",,,,"node/9544549509",,,,,,,,,,,,,,,,,,,,,,,,,,,,,,,,,,,,,,,,,,,,,,,,,,,,,,,,,,,,,,,,,,,,,,,,,,,,,,,,,,,,,,,,,,,,,,,,,,,,,,,,,,,,,,,,,,,,,,,,,,,,,,,,,,,,,,,,"POINT (2.3902681 48.8790127)"
"node/9706590557",,,,,"arts_centre",,,"Patronage Laïque. Jules Vallès",,,,"node/9706590557",,,,,,,,,,,,,,,,"Mo 14:00-22:00;Tu-Fr 10:00-22:00;Sa 10:00-18:00",,,,,,,,,,"Paris","72","75015","Avenue Félix Faure",,,,,,,,,,,,,,,,,"https://www.patronagelaique.eu",,,,,,,,,,,,,,,,,,,"+33 1 40 60 86 00",,,,,,,,,,,,,,,,,,,,,,,,,,,,,,,,,,,,,,,,,,,,,,,,,,,,,,,,,,,,,,,,,,,,,,,"POINT (2.2850791 48.8401366)"
"node/9991641453",,,,,"arts_centre",,,"La Passerelle",,,"https://www.lapasserelle11.com/","node/9991641453",,,,,,,,,,,,,,,,,,,,,,,,,,,,,,,,,,,,,,,,,,,,,,,,,,,,,,,,,,,,,,,,,,,,,,,,,,,,,,,,,,,,,,,,,,,,,,,,,,,,,,,,,,,,,,,,,,,,,,,,,,,,,,,,,,,,,,,,"POINT (2.3698497 48.8645595)"
"node/9993744293",,,,,"arts_centre",,,"Centre Culturel Italien",,,"https://www.centreculturelitalien.com","node/9993744293",,,,,,,,,,,,,,,,"Mo-Tu,Th-Fr 10:30-12:00,14:30-16:00",,"2024-07-28",,,,,,,,,,,,,,,,,,,,,,,,,,,,,,,,,,,,,,,,,,,,,,,"+33 1 46 34 27 00",,,,,,,,,,,,,,,,,,,,,,,,,,,,,,,,,,,,,,,,,,,,,,,,,,,,,,,,,,,,,,,,,,,,,,,"POINT (2.3472236 48.8486682)"
"node/10017125289",,,,,"arts_centre",,,"Centre Culturel Saint-Mesrob",,,,"node/10017125289",,,,,,,,,,,,,,,,,,,,,,,,,,,,,,,,,,,,,,,,,,,,,,,,,,,,,,,,,,,,,,,,,,,,,,,,,,,,,,,,,,,,,,,,,,,,,,,,,,,,,,,,,,,,,,,,,,,,,,,,,,,,,,,,,,,,,,,,"POINT (2.3487976 48.844971)"
"node/10026947117",,,,,"arts_centre",,,"Jour & Nuit Culture",,,"https://www.jouretnuitculture.org","node/10026947117",,,,,,,,,,,,,,,,"Mo-Fr 13:00-19:00",,,,,,,,,,,,,,,,,,,,,,,,,,,,,,,,,,,,,,,,,,,,,,,,,,,,,,,,,,,,,,,,,,,,,,,,,,,,,,,,,,,,,,,,,,,,,,,,,,,,,,,,,,,,,,,,,,,,,,,,"POINT (2.3436094 48.8531859)"
"node/10042691613",,,,,"arts_centre",,,"La Main",,,"https://www.lamaincollectif.fr","node/10042691613",,,,,,,,,,,,,,,,,,,,,,,,,,,,,,,,,,,,,,,,,,,,,,,,,,,,,,,,,,,,,,,,,,,,,,,,,,,,,,,,,,,,,,,,,,,,,,,,,,,,,,,,,,,,,,,,,,,,,,,,,,,,,,,,,,,,,,,,"POINT (2.2994594 48.843942)"
"node/10100479517","Paris","39","75005","Rue Broca","arts_centre",,,"Espace Rachi - Guy de Rothschild",,,"https://www.culture-juive.fr/","node/10100479517",,,,,,,,,,,,,,,,,,,,,,,,,,,,,,,,,,,,,,,,,,,,,,,,,,,,,,,,,,,,,,,,,,,,,,,,,,,,,,,,,,,,,,,,,,,,,,,,,,,,,,,,,,,,,,,,,,,,,,,,,,,,,,,,,,,,,,,,"POINT (2.3479059 48.8379371)"
"node/10135972032",,,,,"arts_centre",,,"Villette Makerz",,,"https://villettemakerz.com/","node/10135972032",,,,"limited",,,,,,,,,,,,,,,,,,,,,,,,,,,,,,,,,,,,,,,,,,,,,,,,,,,,,,,,,,,,,,,,,,,,,,,,,,,,,,,,,,,,,,,,,,,,,,,,,,,,,,,,,,,,,,,,,,,,,,,,,,,,,,,,,,,,"POINT (2.3880579 48.8923413)"
"node/10239156714","Paris","32","75003","Rue des Francs Bourgeois","arts_centre",,"ccs@ccsparis.com","Centre culturel suisse",,,"https://ccsparis.com/","node/10239156714",,,,,,,,,,,,,,,,"closed ""Le Centre culturel suisse est actuellement fermé pour travaux de rénnovation jusqu’au printemps 2025 / closed for renovation until spring 2025""",,,,,,,,,,,,,,,,,,,,,,,,,,,,,,,,,,,,,,,,,,,,,,,,,,,,,,,,,,,,,,,,,,,,,,,,,,,,,,,,,,,,,,,,,,,,,,,,,,,,,,,,,,,,,,,,,,,,,,,,"POINT (2.3596888 48.8583116)"
"node/10287246154",,,,,"arts_centre",,,"Centre culturel kurde Ahmet-Kaya",,,,"node/10287246154",,,,,"Q2945017","fr:Centre culturel kurde Ahmet-Kaya",,,,,,,,,,,,,,,,,,,,,,,,,,,,,,,,,,,,,,,,,,,,,,,,,,,,,,,,,,,,,,,,,,,,,,,,,,,,,,,,,,,,,,,,,,,,,,,,,,,,,,,,,,,,,,,,,,,,,,,,,,,,,,,,,,"POINT (2.3517849 48.8719188)"
"node/10676122506",,"14","75011","Avenue Parmentier","arts_centre",,,"Le consulat",,,"https://www.leconsulat.org/","node/10676122506",,,,,,,,,,,,,,,,"We-Sa 17:00-00:00;00",,"2024-09-14",,,,,,,,,,,,,,,,,,,,,,,,,,,,,,,,,,,,,,,,,,,,,,,,,,,,,,,,,,,,,,,,,,,,,,,,,,,,,,,,,,,,,,,,,,,,,,,,,,,,,,,,,,,,,,,,,,,,,,"POINT (2.3795089 48.8595685)"
"node/10738368767",,,,,"arts_centre",,,"Transfo, centre culturel d'Emmaüs Solidarité",,,"https://linktr.ee/transfo.emmaus.solidarite","node/10738368767",,,,"yes",,,,,,,,,,,,,"Mouvement Emmaüs","2023-03-16",,,,,,,,,,,,,,,,,,,,,,,,,,,,,,,,,,,,,,,,,,,,,,,,,,,,,,,,,,,,,,,,,,,,,,,,,,,,,,,,,,,,,,,,,"https://www.facebook.com/transfo.emmaus.solidarite/",,,,,,,,,,,,,,"Mouvement Emmaüs",,,,,,,,,,"Q989437","Q989437",,,,"POINT (2.3714819 48.8715075)"
"node/10868173283","Paris","51","75011","Rue Léon Frot","arts_centre",,,"Étagère Café","+33 6 03 72 99 29",,"https://etagerecafe.com","node/10868173283",,,,,,,,,,,,,,,,"We-Fr 13:00-20:00; Sa-Su 11:00-19:00",,,,,,,,,,,,,,,,,,,,,,,,,,,,,,,,,,,,,,,,,,,,,,,,,,,,,,,,,,,,,,,,,,,,,,,,,,,,,,,,,,,,,,,,,,,,,,,,,,,,,,,,,,,,,,,,,,,,,,,,"POINT (2.3860005 48.8560255)"
"node/10878156402","Paris","16","75010","Rue des Petites-Écuries","arts_centre",,,"Centre de Recherche et Culture de Dersim",,,,"node/10878156402",,,,,,,,,,,,,,,,,,,,,,,,,,,,,,,,,,,,,,,,,,,,,,,,,,,,,,,,,,,,,,"CRCD",,,,,,,,,,,,,,,,,,,,,,,,,,,,,,,,,,,,,,,,,,,,,,,,,,,,,,,,,,,,,,,,,,,,,,,,,,"POINT (2.352472 48.8735329)"
"node/10966036079",,,,,"arts_centre",,,"Giacometti lab",,,,"node/10966036079",,,,,,,,,,,,,,,,,,,,,,,,,,,,,,,,,,,,,,,,,,,,,,,,,,,,,,,,,,,,,,,,,,,,,,,,,,,,,,,,,,,,,,,,,,,,,,,,,,,,,,,,,,,,,,,,,,,,,,,,,,,,,,,,,,,,,,,,"POINT (2.3308195 48.8359661)"
"node/11251403984",,,,,"arts_centre",,,"Centre culturel coréen",,,"http://www.coree-culture.org/","node/11251403984",,,,,,,,,,,,,,,,,,,,,,,,,"survey 2023",,,,,,,,,,,,,,,,,,,,,,,,,,,,,,,,,,,,,,,,,,,,,,,,,,,,,,,,,,,,,,,,,,,,,,,,,,,,,,,,,,,,,,,,,,,,,,,,,,,,,,,,,,,,,,,"POINT (2.2926 48.8630292)"
"node/11360445898",,"27",,"Rue de Montreuil","arts_centre",,,"Centre Kapla",,,"https://www.kaplacentre.com/","node/11360445898",,,,,,,,,,,,,,,,,,"2023-11-18",,,,,,,,,,,,,,,,,,,,,,,,,,,,,,,,,,,,,,,,,,,,,,,,,,,,,,,,,,,,,,,,,,,,,,,,,,,,,,,,,,,,,,,,,,,,,,,,,,,,,,,,,,,,,,,,,,,"+33 1 43 56 13 38",,,"POINT (2.3853623 48.8505155)"
"node/11513593886",,,,,"arts_centre",,,"La clairière",,,,"node/11513593886",,,,"no",,,,,,,,,,,,,,,,,,,,,,,,,,,,,,,,,,,,,,,,,,,,,,,,,,,,,,,,,,,,,,,,,,,,,,,,,,,,,,,,,,,,,,,,,,,,,,,,,,,,,,,,,,,,,,,,,,,,,,,,,,,,,,,,,,,,"POINT (2.3477583 48.8654841)"
"node/11627968303",,,,,"arts_centre",,,"Supérette du Quotidien",,,,"node/11627968303",,,,,,,,,,,,,,,,,,,,,,,,,,,,,,,,,,,,,,,,,,,,,,,,,,,,,,,,,,,,,,,,,,,,,,,,,,,,,,,,,,,,,,,,,,,,,,,,,,,,,,,,,,,,,,,,,,,,,,,,,,,,,,,,,,,,,,,,"POINT (2.3850438 48.8263974)"
"node/11627968307",,,,,"arts_centre",,,"Fabrique Artistique",,,,"node/11627968307",,,,"yes",,,,,,,,,,,,,"Mairie de Paris",,,,,,,,,,,,,,,,,,,,,,,,,,,,,,,,,,,,,,,,,,,,,,,,,,,,,,,,,,,,,,,,,,,,,,,,,,,,,,,,,,,,,,,,,,,,,,,,,,,,,,,,,,,,,,,,,"0",,,,,,"POINT (2.380778 48.8274931)"
"node/11688122324",,"22",,"Rue du départ","arts_centre",,,"Les Galeries  Montparnasse",,,"https://www.galeries-montparnasse.com","node/11688122324",,,,,,,,,,,,,,,,,,,,,,,,,,,,,,,,,,,,,,,,,,,,,,,,,,,,,,,,,,,,,,,,,,,,,,,,,,,,,,,,,,,,,,,,,,,,,,,,,,,,,,,,,,,,,,,,,,,,,,,,,,,,,,,,,,,,,,,,"POINT (2.3226928 48.8423887)"
"node/11727893709",,,,,"arts_centre",,,"La Fabrique du Hasard Ludique",,,,"node/11727893709",,,,"limited",,,,,,,,,,,,,,,,,,,,,,,,,,,,,,,,,,,,,,,,,,,,,,,,,,,,,,,,,,,,,,,,,,,,,,,,,,,,,,,,,,,,,,,,,,,,,,,,,,,,,,,,,,,,,,,,,,,,,,,,,,,,,,,,,,,,"POINT (2.3338077 48.8971255)"
"node/11822488860",,"26",,,"arts_centre",,,"Centre Paris Anim' Montparnasse",,,"https://camontparnasse.goasso.org/","node/11822488860",,,,,,,,,,,,,,,,,,,,,,,,,,,,,,,,,,,,,,,,,,,,,,,,,,,,,,,,,,,,,,"CPA Montparnasse",,,,,,,,,,,,,,,,,,,,,,,,,,,,,,,,,,,,,,,,,,,,,,,,,,,,,,,,,,,,,,,,,,,,,,,,,,"POINT (2.3202903 48.8403174)"
"node/12110477506",,"6",,"Rue Jean Bart","arts_centre",,"cciran.paris@gmail.com","Centre Culturel Iranien","+33 1 45 49 19 20",,,"node/12110477506",,,,,,,,,,,,,,,,"Mo-Fr 10:00-18:00",,,,,,,,,,,,,,,,,,,,,,,,,,,,,,,,,,,,,,,,,,,,,,,,,,,,,,,,,,,,,,,,,,,,,,,,,,,,,,,,,,,,,,,,,,,,,,,,,,,,,,,,,,,,,,,,,,,,,,"@iranfranceculture","ciranien","POINT (2.3309039 48.8477949)"
"node/12110496099",,"102",,"Avenue des Champs-Élysées","arts_centre",,"contact@france-iran.org","Centre Franco-Iranien (CFI)","+33 7 81 33 23 95",,"https://www.france-iran.org/","node/12110496099",,,,,,,,,,,,,,,,,,,,,,,,,,,,,,,,,,,,,,,,,,,,,,,,,,,,,,,,,,,,,,,,,,,,,,,,,,,,,,,,,,,,,,,,,,,,,,,,,,,,,,,,,,,,,,,,,,,,,,,,,,,,,,,,,,,,,,,,"POINT (2.3023975 48.8719325)"
"node/12137512438",,,,,"arts_centre",,"dac-arcp@paris.fr","Atelier de Restauration et de Conservation des Photographies de la Ville de Paris","+33 1 44 61 81 20",,"https://www.paris.fr/pages/les-collections-de-la-ville-de-paris-2027#l-atelier-de-restauration-et-de-conservation-des-photographies","node/12137512438",,,,,,,,,,,,,,,"1983",,,"2024-02-21",,,,,"wlan","no","cadastre-dgi-fr source : Direction Générale des Impôts - Cadastre. Mise à jour : 2010",,,,,,,,,,,,,,,,,,,,,,,,,,,,,,,,,,,,,"ARCP",,,,,,"Mairie de Paris","Paris Open Data",,,,,,,,,,,,,,,,,,,,,,,,,,,,,,,,,,,,,,"ARCPVilledeParis",,,,,,,,,,,,,,,,,,,,,,,,,,,,,"POINT (2.3593532 48.8549644)"
"node/12151542497",,,,,"arts_centre",,,"Le Jardin des Traverses JDT",,,"https://jardindestraverses.org/","node/12151542497",,,,,,,,,,,,,,,,,,,,,,,,,,,,,,,,,,,,,,,,,,,,,,,,,,,,,,,,,,,,,,,,,,,,,,,,,,,,,,,,,,,,,,,,,,,,,,,,,,,,,,,,,,,,,,,,,,,,,,,,,,,,,,,,,,,,,,,,"POINT (2.3521546 48.8981406)"
"node/12231721787",,,,,"arts_centre",,,"Fondation des Artistes",,,"https://www.fondationdesartistes.fr","node/12231721787",,,"Fondation Nationale des Arts Graphiques et Plastiques",,"Q3075687","fr:Fondation des Artistes","Fondation Salomon de Rothschild",,,,,,,,,,,,,,,,,,"cadastre-dgi-fr source : Direction Générale des Impôts - Cadastre. Mise à jour : 2010",,,,,,,,,,,,,"museum",,,,,,,,,,,,,,,,,,,,,,,,,,,,,,,,,,,,,,,,,,,,,,,,,,,,,,,,,,,,,,,,,,,,,,,,,,,,,,,,,,,,,,,,,,,,,,,,,,"POINT (2.3032509 48.8752174)"
"node/12265759401",,,,,"arts_centre",,,"Paris Atelier",,,"https://www.paris-ateliers.org/","node/12265759401",,,,,,,,,,,,,,,,,,,,,,,,,,,,,,,,,,,,,,,,,,,,,,,,,,,,,,,,,,,,,,,,,,,,,,,,,,,,,,,,,,,,,,,,,,,,,,,,,,,,,,,,,,,,,,,,,,,,,,,,,,,,,,,,,,,,,,,,"POINT (2.3653492 48.8256909)"
"node/12321106996","Paris","10","75010","Rue Bichat","arts_centre",,,"Cinémorphe",,,"http://www.cinemorphe.org/","node/12321106996",,,,,,,,,,,,,,,,"Mo-Fr,Su 16:00-20:00",,,,,,,,,,,,,,,,,,,,,,,,,,,,,,,,,,,,,,,,,,,,,,,,,,,,,,,,,,,,,,,,,,,,,,,,,,,,,,,,,,,,,,,,,,,,,,,,,,,,,,,,,,,,,,,,,,,,,,,,"POINT (2.3691584 48.8699511)"
"node/12343303108",,,,,"arts_centre",,,"L'Atelier des Marches",,,,"node/12343303108",,,,,,,,,,,,,,,,,,,,,,,,,,,,,,,,,,,,,,,,,,,,,,,,,,,,,,,,,,,,,,,,,,,,,,,,,,,,,,,,,,,,,,,,,,,,,,,,,,,,,,,,,,,,,,,,,,,,,,,,"2024-11-15",,,,,,,,,,,,,,,,"POINT (2.2664201 48.8417969)"
"node/12409989486",,,,,"arts_centre",,,,,,,"node/12409989486",,,,,,,,,,,,,,,,,,,,,,,,,,,,,,,,,,,,,,,,,,,,,,,,,,,,,,,,,,,,,,,,,,,,,,,,,,,,,,,,,,,,,,,,,,,,,,,,,,,,,,,,,,,,,,,,,,,,,,,,,,,,,,,,,,,,,,,,"POINT (2.3256463 48.8334868)"
"node/12430597478","Paris","20","75014","Rue Dareau","arts_centre",,,"Le Pavillon de la Sirène",,,"https://www.lepavillondelasirene.fr/","node/12430597478",,,,,,,,,,,,,,,,,,,,,,,,,,,,,,,,,,,,,,,,,,,,,,,,,,,,,,,,,,,,,,,,,,,,,,,,,,,,,,,,,,,,,,,,,,,,,,,,,,,,,,,,,,,,,,,,,,,,,,,,,,,,,,,,,,,,,,,,"POINT (2.337499 48.8313474)"
